"Species";"AnaCat";"DemersPelag";"BodyShapeI";"category_troph";"Nocturnal_fish";"IUCN_Code";"Site";"Data"
"Abudefduf septemfasciatus";"non-migratory";"reef-associated";"short and / or deep";"Unknown";"Unknown";"LC";"Genting 1";"eDNA"
"Abudefduf vaigiensis";"oceanodromous";"reef-associated";"short and / or deep";"Omnivore";"Unknown";"LC";"Menjangan Kecil";"eDNA"
"Abudefduf vaigiensis";"oceanodromous";"reef-associated";"short and / or deep";"Omnivore";"Unknown";"LC";"Menjangan Kecil";"eDNA"
"Abudefduf vaigiensis";"oceanodromous";"reef-associated";"short and / or deep";"Omnivore";"Unknown";"LC";"Cilik/Kecil";"eDNA"
"Acanthochromis polyacanthus";"non-migratory";"reef-associated";"short and / or deep";"Unknown";"Unknown";"LC";"Taka Malang E";"eDNA"
"Acanthochromis polyacanthus";"non-migratory";"reef-associated";"short and / or deep";"Unknown";"Unknown";"LC";"Cilik/Kecil";"eDNA"
"Acanthochromis polyacanthus";"non-migratory";"reef-associated";"short and / or deep";"Unknown";"Unknown";"LC";"Taka Malang E";"eDNA"
"Acanthochromis polyacanthus";"non-migratory";"reef-associated";"short and / or deep";"Unknown";"Unknown";"LC";"Genting 1";"eDNA"
"Acanthurus nigricauda";"Unknown";"reef-associated";"short and / or deep";"Unknown";"Unknown";"LC";"Genting 1";"eDNA"
"Acanthurus xanthopterus";"Unknown";"reef-associated";"fusiform / normal";"Unknown";"Unknown";"LC";"Genting 1";"eDNA"
"Amblygaster sirm";"Unknown";"reef-associated";"fusiform / normal";"Unknown";"Unknown";"LC";"Cilik/Kecil";"eDNA"
"Amblyglyphidodon aureus";"non-migratory";"reef-associated";"short and / or deep";"Unknown";"Unknown";"LC";"Menjangan Kecil";"eDNA"
"Amblyglyphidodon curacao";"non-migratory";"reef-associated";"short and / or deep";"Omnivore";"Unknown";"LC";"Menjangan Kecil";"eDNA"
"Amblyglyphidodon curacao";"non-migratory";"reef-associated";"short and / or deep";"Omnivore";"Unknown";"LC";"Taka Malang E";"eDNA"
"Amblyglyphidodon curacao";"non-migratory";"reef-associated";"short and / or deep";"Omnivore";"Unknown";"LC";"Cilik/Kecil";"eDNA"
"Amblyglyphidodon curacao";"non-migratory";"reef-associated";"short and / or deep";"Omnivore";"Unknown";"LC";"Cilik/Kecil";"eDNA"
"Amblyglyphidodon curacao";"non-migratory";"reef-associated";"short and / or deep";"Omnivore";"Unknown";"LC";"Genting 1";"eDNA"
"Amblyglyphidodon curacao";"non-migratory";"reef-associated";"short and / or deep";"Omnivore";"Unknown";"LC";"Genting 1";"eDNA"
"Amblyglyphidodon curacao";"non-migratory";"reef-associated";"short and / or deep";"Omnivore";"Unknown";"LC";"Taka Malang E";"eDNA"
"Amblyglyphidodon curacao";"non-migratory";"reef-associated";"short and / or deep";"Omnivore";"Unknown";"LC";"Menjangan Kecil";"eDNA"
"Amblyglyphidodon curacao";"non-migratory";"reef-associated";"short and / or deep";"Omnivore";"Unknown";"LC";"Taka Malang E";"eDNA"
"Amblyglyphidodon curacao";"non-migratory";"reef-associated";"short and / or deep";"Omnivore";"Unknown";"LC";"Cilik/Kecil";"eDNA"
"Amblyglyphidodon leucogaster";"non-migratory";"reef-associated";"short and / or deep";"Unknown";"Unknown";"LC";"Cilik/Kecil";"eDNA"
"Amblyglyphidodon leucogaster";"non-migratory";"reef-associated";"short and / or deep";"Unknown";"Unknown";"LC";"Menjangan Kecil";"eDNA"
"Amblyglyphidodon leucogaster";"non-migratory";"reef-associated";"short and / or deep";"Unknown";"Unknown";"LC";"Taka Malang E";"eDNA"
"Amblyglyphidodon leucogaster";"non-migratory";"reef-associated";"short and / or deep";"Unknown";"Unknown";"LC";"Taka Malang E";"eDNA"
"Amblyglyphidodon leucogaster";"non-migratory";"reef-associated";"short and / or deep";"Unknown";"Unknown";"LC";"Cilik/Kecil";"eDNA"
"Amblyglyphidodon leucogaster";"non-migratory";"reef-associated";"short and / or deep";"Unknown";"Unknown";"LC";"Genting 1";"eDNA"
"Amblyglyphidodon leucogaster";"non-migratory";"reef-associated";"short and / or deep";"Unknown";"Unknown";"LC";"Genting 1";"eDNA"
"Amblyglyphidodon leucogaster";"non-migratory";"reef-associated";"short and / or deep";"Unknown";"Unknown";"LC";"Menjangan Kecil";"eDNA"
"Amblyglyphidodon leucogaster";"non-migratory";"reef-associated";"short and / or deep";"Unknown";"Unknown";"LC";"Cilik/Kecil";"eDNA"
"Amblyglyphidodon leucogaster";"non-migratory";"reef-associated";"short and / or deep";"Unknown";"Unknown";"LC";"Taka Malang E";"eDNA"
"Amblyglyphidodon ternatensis";"non-migratory";"reef-associated";"short and / or deep";"Unknown";"Unknown";"VU";"Taka Malang E";"eDNA"
"Amblyglyphidodon ternatensis";"non-migratory";"reef-associated";"short and / or deep";"Unknown";"Unknown";"VU";"Taka Malang E";"eDNA"
"Amblyglyphidodon ternatensis";"non-migratory";"reef-associated";"short and / or deep";"Unknown";"Unknown";"VU";"Menjangan Kecil";"eDNA"
"Amblyglyphidodon ternatensis";"non-migratory";"reef-associated";"short and / or deep";"Unknown";"Unknown";"VU";"Genting 1";"eDNA"
"Amblyglyphidodon ternatensis";"non-migratory";"reef-associated";"short and / or deep";"Unknown";"Unknown";"VU";"Taka Malang E";"eDNA"
"Amblyglyphidodon ternatensis";"non-migratory";"reef-associated";"short and / or deep";"Unknown";"Unknown";"VU";"Cilik/Kecil";"eDNA"
"Amblyglyphidodon ternatensis";"non-migratory";"reef-associated";"short and / or deep";"Unknown";"Unknown";"VU";"Genting 1";"eDNA"
"Amblyglyphidodon ternatensis";"non-migratory";"reef-associated";"short and / or deep";"Unknown";"Unknown";"VU";"Cilik/Kecil";"eDNA"
"Amblyglyphidodon ternatensis";"non-migratory";"reef-associated";"short and / or deep";"Unknown";"Unknown";"VU";"Cilik/Kecil";"eDNA"
"Amphiprion ocellaris";"non-migratory";"reef-associated";"fusiform / normal";"Unknown";"Unknown";"LC";"Taka Malang E";"eDNA"
"Amphiprion ocellaris";"non-migratory";"reef-associated";"fusiform / normal";"Unknown";"Unknown";"LC";"Taka Malang E";"eDNA"
"Amphiprion ocellaris";"non-migratory";"reef-associated";"fusiform / normal";"Unknown";"Unknown";"LC";"Cilik/Kecil";"eDNA"
"Amphiprion ocellaris";"non-migratory";"reef-associated";"fusiform / normal";"Unknown";"Unknown";"LC";"Menjangan Kecil";"eDNA"
"Amphiprion ocellaris";"non-migratory";"reef-associated";"fusiform / normal";"Unknown";"Unknown";"LC";"Cilik/Kecil";"eDNA"
"Amphiprion ocellaris";"non-migratory";"reef-associated";"fusiform / normal";"Unknown";"Unknown";"LC";"Taka Malang E";"eDNA"
"Amphiprion ocellaris";"non-migratory";"reef-associated";"fusiform / normal";"Unknown";"Unknown";"LC";"Cilik/Kecil";"eDNA"
"Ostorhinchus semilineatus";"Unknown";"reef-associated";"short and / or deep";"Carnivore";"Yes";"DD";"Taka Malang E";"eDNA"
"Ostorhinchus semilineatus";"Unknown";"reef-associated";"short and / or deep";"Carnivore";"Yes";"DD";"Taka Malang E";"eDNA"
"Ostorhinchus semilineatus";"Unknown";"reef-associated";"short and / or deep";"Carnivore";"Yes";"DD";"Menjangan Kecil";"eDNA"
"Asterropteryx semipunctata";"Unknown";"reef-associated";"elongated";"Unknown";"Unknown";"LC";"Genting 1";"eDNA"
"Asterropteryx semipunctata";"Unknown";"reef-associated";"elongated";"Unknown";"Unknown";"LC";"Genting 1";"eDNA"
"Asterropteryx semipunctata";"Unknown";"reef-associated";"elongated";"Unknown";"Unknown";"LC";"Taka Malang E";"eDNA"
"Asterropteryx semipunctata";"Unknown";"reef-associated";"elongated";"Unknown";"Unknown";"LC";"Menjangan Kecil";"eDNA"
"Asterropteryx semipunctata";"Unknown";"reef-associated";"elongated";"Unknown";"Unknown";"LC";"Taka Malang E";"eDNA"
"Asterropteryx semipunctata";"Unknown";"reef-associated";"elongated";"Unknown";"Unknown";"LC";"Taka Malang E";"eDNA"
"Atherinomorus lacunosus";"Unknown";"reef-associated";"elongated";"Carnivore";"Unknown";"LC";"Cilik/Kecil";"eDNA"
"Atherinomorus lacunosus";"Unknown";"reef-associated";"elongated";"Carnivore";"Unknown";"LC";"Genting 1";"eDNA"
"Atherinomorus lacunosus";"Unknown";"reef-associated";"elongated";"Carnivore";"Unknown";"LC";"Genting 1";"eDNA"
"Atherinomorus lacunosus";"Unknown";"reef-associated";"elongated";"Carnivore";"Unknown";"LC";"Menjangan Kecil";"eDNA"
"Atherinomorus lacunosus";"Unknown";"reef-associated";"elongated";"Carnivore";"Unknown";"LC";"Taka Malang E";"eDNA"
"Atherinomorus lacunosus";"Unknown";"reef-associated";"elongated";"Carnivore";"Unknown";"LC";"Cilik/Kecil";"eDNA"
"Atule mate";"Unknown";"reef-associated";"fusiform / normal";"Carnivore";"Unknown";"LC";"Cilik/Kecil";"eDNA"
"Atule mate";"Unknown";"reef-associated";"fusiform / normal";"Carnivore";"Unknown";"LC";"Cilik/Kecil";"eDNA"
"Caesio caerulaurea";"non-migratory";"reef-associated";"fusiform / normal";"Unknown";"Unknown";"LC";"Menjangan Kecil";"eDNA"
"Caesio caerulaurea";"non-migratory";"reef-associated";"fusiform / normal";"Unknown";"Unknown";"LC";"Genting 1";"eDNA"
"Caesio caerulaurea";"non-migratory";"reef-associated";"fusiform / normal";"Unknown";"Unknown";"LC";"Cilik/Kecil";"eDNA"
"Caesio caerulaurea";"non-migratory";"reef-associated";"fusiform / normal";"Unknown";"Unknown";"LC";"Taka Malang E";"eDNA"
"Caesio caerulaurea";"non-migratory";"reef-associated";"fusiform / normal";"Unknown";"Unknown";"LC";"Cilik/Kecil";"eDNA"
"Caesio cuning";"non-migratory";"reef-associated";"fusiform / normal";"Unknown";"Unknown";"LC";"Menjangan Kecil";"eDNA"
"Caesio cuning";"non-migratory";"reef-associated";"fusiform / normal";"Unknown";"Unknown";"LC";"Cilik/Kecil";"eDNA"
"Caesio cuning";"non-migratory";"reef-associated";"fusiform / normal";"Unknown";"Unknown";"LC";"Cilik/Kecil";"eDNA"
"Caesio cuning";"non-migratory";"reef-associated";"fusiform / normal";"Unknown";"Unknown";"LC";"Menjangan Kecil";"eDNA"
"Caesio cuning";"non-migratory";"reef-associated";"fusiform / normal";"Unknown";"Unknown";"LC";"Taka Malang E";"eDNA"
"Caesio cuning";"non-migratory";"reef-associated";"fusiform / normal";"Unknown";"Unknown";"LC";"Taka Malang E";"eDNA"
"Caesio cuning";"non-migratory";"reef-associated";"fusiform / normal";"Unknown";"Unknown";"LC";"Menjangan Kecil";"eDNA"
"Caesio cuning";"non-migratory";"reef-associated";"fusiform / normal";"Unknown";"Unknown";"LC";"Genting 1";"eDNA"
"Caesio cuning";"non-migratory";"reef-associated";"fusiform / normal";"Unknown";"Unknown";"LC";"Taka Malang E";"eDNA"
"Caesio teres";"non-migratory";"reef-associated";"fusiform / normal";"Unknown";"Unknown";"LC";"Cilik/Kecil";"eDNA"
"Caesio teres";"non-migratory";"reef-associated";"fusiform / normal";"Unknown";"Unknown";"LC";"Cilik/Kecil";"eDNA"
"Caesio teres";"non-migratory";"reef-associated";"fusiform / normal";"Unknown";"Unknown";"LC";"Menjangan Kecil";"eDNA"
"Caesio teres";"non-migratory";"reef-associated";"fusiform / normal";"Unknown";"Unknown";"LC";"Genting 1";"eDNA"
"Caesio teres";"non-migratory";"reef-associated";"fusiform / normal";"Unknown";"Unknown";"LC";"Taka Malang E";"eDNA"
"Cephalopholis boenak";"non-migratory";"reef-associated";"fusiform / normal";"Carnivore";"Unknown";"LC";"Taka Malang E";"eDNA"
"Cephalopholis cyanostigma";"non-migratory";"reef-associated";"fusiform / normal";"Unknown";"Unknown";"LC";"Menjangan Kecil";"eDNA"
"Cephalopholis cyanostigma";"non-migratory";"reef-associated";"fusiform / normal";"Unknown";"Unknown";"LC";"Genting 1";"eDNA"
"Cephalopholis cyanostigma";"non-migratory";"reef-associated";"fusiform / normal";"Unknown";"Unknown";"LC";"Cilik/Kecil";"eDNA"
"Cephalopholis cyanostigma";"non-migratory";"reef-associated";"fusiform / normal";"Unknown";"Unknown";"LC";"Genting 1";"eDNA"
"Cephalopholis cyanostigma";"non-migratory";"reef-associated";"fusiform / normal";"Unknown";"Unknown";"LC";"Genting 1";"eDNA"
"Cephalopholis microprion";"non-migratory";"reef-associated";"fusiform / normal";"Unknown";"Unknown";"LC";"Cilik/Kecil";"eDNA"
"Cephalopholis microprion";"non-migratory";"reef-associated";"fusiform / normal";"Unknown";"Unknown";"LC";"Menjangan Kecil";"eDNA"
"Cephalopholis microprion";"non-migratory";"reef-associated";"fusiform / normal";"Unknown";"Unknown";"LC";"Genting 1";"eDNA"
"Cephalopholis microprion";"non-migratory";"reef-associated";"fusiform / normal";"Unknown";"Unknown";"LC";"Genting 1";"eDNA"
"Cephalopholis microprion";"non-migratory";"reef-associated";"fusiform / normal";"Unknown";"Unknown";"LC";"Genting 1";"eDNA"
"Cephalopholis microprion";"non-migratory";"reef-associated";"fusiform / normal";"Unknown";"Unknown";"LC";"Menjangan Kecil";"eDNA"
"Cephalopholis microprion";"non-migratory";"reef-associated";"fusiform / normal";"Unknown";"Unknown";"LC";"Taka Malang E";"eDNA"
"Cephalopholis microprion";"non-migratory";"reef-associated";"fusiform / normal";"Unknown";"Unknown";"LC";"Taka Malang E";"eDNA"
"Cephalopholis microprion";"non-migratory";"reef-associated";"fusiform / normal";"Unknown";"Unknown";"LC";"Cilik/Kecil";"eDNA"
"Cephalopholis microprion";"non-migratory";"reef-associated";"fusiform / normal";"Unknown";"Unknown";"LC";"Taka Malang E";"eDNA"
"Chaetodon auriga";"non-migratory";"reef-associated";"short and / or deep";"Carnivore";"Unknown";"LC";"Cilik/Kecil";"eDNA"
"Chaetodon auriga";"non-migratory";"reef-associated";"short and / or deep";"Carnivore";"Unknown";"LC";"Menjangan Kecil";"eDNA"
"Chaetodon octofasciatus";"Unknown";"reef-associated";"short and / or deep";"Unknown";"Unknown";"LC";"Menjangan Kecil";"eDNA"
"Chaetodon octofasciatus";"Unknown";"reef-associated";"short and / or deep";"Unknown";"Unknown";"LC";"Cilik/Kecil";"eDNA"
"Chaetodon octofasciatus";"Unknown";"reef-associated";"short and / or deep";"Unknown";"Unknown";"LC";"Cilik/Kecil";"eDNA"
"Chaetodon octofasciatus";"Unknown";"reef-associated";"short and / or deep";"Unknown";"Unknown";"LC";"Genting 1";"eDNA"
"Chaetodon octofasciatus";"Unknown";"reef-associated";"short and / or deep";"Unknown";"Unknown";"LC";"Genting 1";"eDNA"
"Chaetodon octofasciatus";"Unknown";"reef-associated";"short and / or deep";"Unknown";"Unknown";"LC";"Taka Malang E";"eDNA"
"Chaetodon octofasciatus";"Unknown";"reef-associated";"short and / or deep";"Unknown";"Unknown";"LC";"Cilik/Kecil";"eDNA"
"Chaetodon octofasciatus";"Unknown";"reef-associated";"short and / or deep";"Unknown";"Unknown";"LC";"Taka Malang E";"eDNA"
"Chaetodon ornatissimus";"Unknown";"reef-associated";"short and / or deep";"Unknown";"Unknown";"LC";"Menjangan Kecil";"eDNA"
"Chaetodon ornatissimus";"Unknown";"reef-associated";"short and / or deep";"Unknown";"Unknown";"LC";"Cilik/Kecil";"eDNA"
"Chaetodon trifascialis";"Unknown";"reef-associated";"short and / or deep";"Carnivore";"Unknown";"NT";"Menjangan Kecil";"eDNA"
"Chaetodon trifascialis";"Unknown";"reef-associated";"short and / or deep";"Carnivore";"Unknown";"NT";"Cilik/Kecil";"eDNA"
"Chaetodon trifascialis";"Unknown";"reef-associated";"short and / or deep";"Carnivore";"Unknown";"NT";"Cilik/Kecil";"eDNA"
"Chaetodon trifascialis";"Unknown";"reef-associated";"short and / or deep";"Carnivore";"Unknown";"NT";"Genting 1";"eDNA"
"Chaetodon trifascialis";"Unknown";"reef-associated";"short and / or deep";"Carnivore";"Unknown";"NT";"Genting 1";"eDNA"
"Chaetodontoplus mesoleucus";"non-migratory";"reef-associated";"short and / or deep";"Unknown";"Unknown";"LC";"Menjangan Kecil";"eDNA"
"Cheilinus fasciatus";"Unknown";"reef-associated";"fusiform / normal";"Unknown";"Unknown";"LC";"Cilik/Kecil";"eDNA"
"Cheilinus fasciatus";"Unknown";"reef-associated";"fusiform / normal";"Unknown";"Unknown";"LC";"Cilik/Kecil";"eDNA"
"Cheilinus undulatus";"Unknown";"reef-associated";"fusiform / normal";"Unknown";"Unknown";"EN";"Genting 1";"eDNA"
"Cheilodipterus artus";"Unknown";"reef-associated";"short and / or deep";"Unknown";"Unknown";"LC";"Menjangan Kecil";"eDNA"
"Cheilodipterus artus";"Unknown";"reef-associated";"short and / or deep";"Unknown";"Unknown";"LC";"Taka Malang E";"eDNA"
"Cheilodipterus artus";"Unknown";"reef-associated";"short and / or deep";"Unknown";"Unknown";"LC";"Taka Malang E";"eDNA"
"Cheilodipterus quinquelineatus";"Unknown";"reef-associated";"fusiform / normal";"Carnivore";"Yes";"LC";"Taka Malang E";"eDNA"
"Cheilodipterus quinquelineatus";"Unknown";"reef-associated";"fusiform / normal";"Carnivore";"Yes";"LC";"Taka Malang E";"eDNA"
"Cheilodipterus quinquelineatus";"Unknown";"reef-associated";"fusiform / normal";"Carnivore";"Yes";"LC";"Menjangan Kecil";"eDNA"
"Cheiloprion labiatus";"non-migratory";"reef-associated";"short and / or deep";"Carnivore";"Unknown";"N.E.";"Menjangan Kecil";"eDNA"
"Cheiloprion labiatus";"non-migratory";"reef-associated";"short and / or deep";"Carnivore";"Unknown";"N.E.";"Genting 1";"eDNA"
"Cheiloprion labiatus";"non-migratory";"reef-associated";"short and / or deep";"Carnivore";"Unknown";"N.E.";"Genting 1";"eDNA"
"Cheiloprion labiatus";"non-migratory";"reef-associated";"short and / or deep";"Carnivore";"Unknown";"N.E.";"Taka Malang E";"eDNA"
"Cheiloprion labiatus";"non-migratory";"reef-associated";"short and / or deep";"Carnivore";"Unknown";"N.E.";"Cilik/Kecil";"eDNA"
"Cheiloprion labiatus";"non-migratory";"reef-associated";"short and / or deep";"Carnivore";"Unknown";"N.E.";"Taka Malang E";"eDNA"
"Chlorurus bowersi";"Unknown";"reef-associated";"elongated";"Herbivore";"Unknown";"NT";"Cilik/Kecil";"eDNA"
"Chlorurus bowersi";"Unknown";"reef-associated";"elongated";"Herbivore";"Unknown";"NT";"Cilik/Kecil";"eDNA"
"Chlorurus bowersi";"Unknown";"reef-associated";"elongated";"Herbivore";"Unknown";"NT";"Taka Malang E";"eDNA"
"Choerodon anchorago";"Unknown";"reef-associated";"fusiform / normal";"Carnivore";"Unknown";"LC";"Taka Malang E";"eDNA"
"Choerodon anchorago";"Unknown";"reef-associated";"fusiform / normal";"Carnivore";"Unknown";"LC";"Genting 1";"eDNA"
"Chromis alpha";"non-migratory";"reef-associated";"short and / or deep";"Unknown";"Unknown";"LC";"Menjangan Kecil";"eDNA"
"Chrysiptera oxycephala";"non-migratory";"reef-associated";"short and / or deep";"Unknown";"Unknown";"LC";"Menjangan Kecil";"eDNA"
"Chrysiptera oxycephala";"non-migratory";"reef-associated";"short and / or deep";"Unknown";"Unknown";"LC";"Genting 1";"eDNA"
"Chrysiptera oxycephala";"non-migratory";"reef-associated";"short and / or deep";"Unknown";"Unknown";"LC";"Genting 1";"eDNA"
"Chrysiptera oxycephala";"non-migratory";"reef-associated";"short and / or deep";"Unknown";"Unknown";"LC";"Cilik/Kecil";"eDNA"
"Chrysiptera oxycephala";"non-migratory";"reef-associated";"short and / or deep";"Unknown";"Unknown";"LC";"Taka Malang E";"eDNA"
"Chrysiptera parasema";"non-migratory";"reef-associated";"fusiform / normal";"Unknown";"Unknown";"LC";"Genting 1";"eDNA"
"Chrysiptera rollandi";"non-migratory";"reef-associated";"fusiform / normal";"Unknown";"Unknown";"LC";"Genting 1";"eDNA"
"Ctenochaetus striatus";"Unknown";"reef-associated";"short and / or deep";"Herbivore";"Unknown";"LC";"Genting 1";"eDNA"
"Ctenogobiops feroculus";"Unknown";"reef-associated";"elongated";"Unknown";"Unknown";"LC";"Taka Malang E";"eDNA"
"Ctenogobiops feroculus";"Unknown";"reef-associated";"elongated";"Unknown";"Unknown";"LC";"Genting 1";"eDNA"
"Ctenogobiops tangaroai";"Unknown";"reef-associated";"elongated";"Unknown";"Unknown";"LC";"Taka Malang E";"eDNA"
"Cubiceps pauciradiatus";"Unknown";"bathypelagic";"fusiform / normal";"Carnivore";"Unknown";"LC";"Menjangan Kecil";"eDNA"
"Dipterygonotus balteatus";"Unknown";"reef-associated";"fusiform / normal";"Unknown";"Unknown";"LC";"Menjangan Kecil";"eDNA"
"Dipterygonotus balteatus";"Unknown";"reef-associated";"fusiform / normal";"Unknown";"Unknown";"LC";"Menjangan Kecil";"eDNA"
"Dischistodus chrysopoecilus";"non-migratory";"reef-associated";"fusiform / normal";"Unknown";"Unknown";"LC";"Genting 1";"eDNA"
"Dischistodus chrysopoecilus";"non-migratory";"reef-associated";"fusiform / normal";"Unknown";"Unknown";"LC";"Cilik/Kecil";"eDNA"
"Dischistodus chrysopoecilus";"non-migratory";"reef-associated";"fusiform / normal";"Unknown";"Unknown";"LC";"Cilik/Kecil";"eDNA"
"Dischistodus chrysopoecilus";"non-migratory";"reef-associated";"fusiform / normal";"Unknown";"Unknown";"LC";"Genting 1";"eDNA"
"Dischistodus chrysopoecilus";"non-migratory";"reef-associated";"fusiform / normal";"Unknown";"Unknown";"LC";"Taka Malang E";"eDNA"
"Dischistodus melanotus";"non-migratory";"reef-associated";"short and / or deep";"Unknown";"Unknown";"LC";"Genting 1";"eDNA"
"Dischistodus prosopotaenia";"non-migratory";"reef-associated";"fusiform / normal";"Unknown";"Unknown";"LC";"Genting 1";"eDNA"
"Encrasicholina punctifer";"oceanodromous";"reef-associated";"fusiform / normal";"Unknown";"Unknown";"LC";"Menjangan Kecil";"eDNA"
"Encrasicholina punctifer";"oceanodromous";"reef-associated";"fusiform / normal";"Unknown";"Unknown";"LC";"Cilik/Kecil";"eDNA"
"Encrasicholina punctifer";"oceanodromous";"reef-associated";"fusiform / normal";"Unknown";"Unknown";"LC";"Taka Malang E";"eDNA"
"Encrasicholina punctifer";"oceanodromous";"reef-associated";"fusiform / normal";"Unknown";"Unknown";"LC";"Cilik/Kecil";"eDNA"
"Enneapterygius sp.";"Unknown";"Unknown";"Unknown";"Unknown";"Unknown";"Unknown";"Genting 1";"eDNA"
"Photolateralis stercorarius";"Unknown";"reef-associated";"fusiform / normal";"Unknown";"Unknown";"N.E.";"Menjangan Kecil";"eDNA"
"Photolateralis stercorarius";"Unknown";"reef-associated";"fusiform / normal";"Unknown";"Unknown";"N.E.";"Menjangan Kecil";"eDNA"
"Photolateralis stercorarius";"Unknown";"reef-associated";"fusiform / normal";"Unknown";"Unknown";"N.E.";"Cilik/Kecil";"eDNA"
"Etelis carbunculus";"Unknown";"benthopelagic";"fusiform / normal";"Carnivore";"Unknown";"LC";"Cilik/Kecil";"eDNA"
"Etelis radiosus";"Unknown";"demersal";"fusiform / normal";"Unknown";"Unknown";"LC";"Cilik/Kecil";"eDNA"
"Etelis radiosus";"Unknown";"demersal";"fusiform / normal";"Unknown";"Unknown";"LC";"Cilik/Kecil";"eDNA"
"Eviota melasma";"Unknown";"reef-associated";"elongated";"Unknown";"Unknown";"LC";"Cilik/Kecil";"eDNA"
"Eviota sp.";"Unknown";"Unknown";"Unknown";"Unknown";"Unknown";"Unknown";"Genting 1";"eDNA"
"Eviota sp.";"Unknown";"Unknown";"Unknown";"Unknown";"Unknown";"Unknown";"Cilik/Kecil";"eDNA"
"Eviota sp.";"Unknown";"Unknown";"Unknown";"Unknown";"Unknown";"Unknown";"Genting 1";"eDNA"
"Fowleria variegata";"Unknown";"reef-associated";"short and / or deep";"Unknown";"Yes";"LC";"Genting 1";"eDNA"
"Gomphosus varius";"Unknown";"reef-associated";"fusiform / normal";"Carnivore";"Unknown";"LC";"Cilik/Kecil";"eDNA"
"Halichoeres argus";"Unknown";"reef-associated";"fusiform / normal";"Unknown";"Unknown";"LC";"Menjangan Kecil";"eDNA"
"Halichoeres argus";"Unknown";"reef-associated";"fusiform / normal";"Unknown";"Unknown";"LC";"Taka Malang E";"eDNA"
"Halichoeres argus";"Unknown";"reef-associated";"fusiform / normal";"Unknown";"Unknown";"LC";"Genting 1";"eDNA"
"Halichoeres biocellatus";"Unknown";"reef-associated";"fusiform / normal";"Unknown";"Unknown";"LC";"Cilik/Kecil";"eDNA"
"Halichoeres biocellatus";"Unknown";"reef-associated";"fusiform / normal";"Unknown";"Unknown";"LC";"Taka Malang E";"eDNA"
"Halichoeres leucurus";"Unknown";"reef-associated";"fusiform / normal";"Unknown";"Unknown";"LC";"Cilik/Kecil";"eDNA"
"Halichoeres leucurus";"Unknown";"reef-associated";"fusiform / normal";"Unknown";"Unknown";"LC";"Taka Malang E";"eDNA"
"Halichoeres leucurus";"Unknown";"reef-associated";"fusiform / normal";"Unknown";"Unknown";"LC";"Genting 1";"eDNA"
"Halichoeres leucurus";"Unknown";"reef-associated";"fusiform / normal";"Unknown";"Unknown";"LC";"Cilik/Kecil";"eDNA"
"Halichoeres leucurus";"Unknown";"reef-associated";"fusiform / normal";"Unknown";"Unknown";"LC";"Cilik/Kecil";"eDNA"
"Halichoeres leucurus";"Unknown";"reef-associated";"fusiform / normal";"Unknown";"Unknown";"LC";"Menjangan Kecil";"eDNA"
"Halichoeres scapularis";"Unknown";"reef-associated";"fusiform / normal";"Unknown";"Unknown";"LC";"Genting 1";"eDNA"
"Halichoeres chrysotaenia";"Unknown";"reef-associated";"fusiform / normal";"Unknown";"Unknown";"LC";"Genting 1";"eDNA"
"Hemiglyphidodon plagiometopon";"non-migratory";"reef-associated";"short and / or deep";"Unknown";"Unknown";"LC";"Cilik/Kecil";"eDNA"
"Hemiglyphidodon plagiometopon";"non-migratory";"reef-associated";"short and / or deep";"Unknown";"Unknown";"LC";"Taka Malang E";"eDNA"
"Hemiglyphidodon plagiometopon";"non-migratory";"reef-associated";"short and / or deep";"Unknown";"Unknown";"LC";"Taka Malang E";"eDNA"
"Hemiglyphidodon plagiometopon";"non-migratory";"reef-associated";"short and / or deep";"Unknown";"Unknown";"LC";"Genting 1";"eDNA"
"Hemiglyphidodon plagiometopon";"non-migratory";"reef-associated";"short and / or deep";"Unknown";"Unknown";"LC";"Menjangan Kecil";"eDNA"
"Hemiglyphidodon plagiometopon";"non-migratory";"reef-associated";"short and / or deep";"Unknown";"Unknown";"LC";"Genting 1";"eDNA"
"Hemiglyphidodon plagiometopon";"non-migratory";"reef-associated";"short and / or deep";"Unknown";"Unknown";"LC";"Genting 1";"eDNA"
"Hemiglyphidodon plagiometopon";"non-migratory";"reef-associated";"short and / or deep";"Unknown";"Unknown";"LC";"Cilik/Kecil";"eDNA"
"Hemigymnus fasciatus";"Unknown";"reef-associated";"fusiform / normal";"Unknown";"Unknown";"LC";"Taka Malang E";"eDNA"
"Hemigymnus melapterus";"Unknown";"reef-associated";"fusiform / normal";"Unknown";"Unknown";"LC";"Cilik/Kecil";"eDNA"
"Hemigymnus melapterus";"Unknown";"reef-associated";"fusiform / normal";"Unknown";"Unknown";"LC";"Taka Malang E";"eDNA"
"Hemigymnus melapterus";"Unknown";"reef-associated";"fusiform / normal";"Unknown";"Unknown";"LC";"Genting 1";"eDNA"
"Hemigymnus melapterus";"Unknown";"reef-associated";"fusiform / normal";"Unknown";"Unknown";"LC";"Genting 1";"eDNA"
"Hipposcarus longiceps";"Unknown";"reef-associated";"fusiform / normal";"Herbivore";"Unknown";"LC";"Genting 1";"eDNA"
"Hypoatherina valenciennei";"Unknown";"pelagic-neritic";"elongated";"Unknown";"Unknown";"N.E.";"Genting 1";"eDNA"
"Hypoatherina valenciennei";"Unknown";"pelagic-neritic";"elongated";"Unknown";"Unknown";"N.E.";"Cilik/Kecil";"eDNA"
"Istigobius goldmanni";"Unknown";"reef-associated";"fusiform / normal";"Unknown";"Unknown";"LC";"Taka Malang E";"eDNA"
"Lethrinus erythracanthus";"non-migratory";"reef-associated";"fusiform / normal";"Unknown";"Unknown";"LC";"Genting 1";"eDNA"
"Lethrinus erythracanthus";"non-migratory";"reef-associated";"fusiform / normal";"Unknown";"Unknown";"LC";"Genting 1";"eDNA"
"Lethrinus genivittatus";"non-migratory";"reef-associated";"fusiform / normal";"Carnivore";"Unknown";"LC";"Genting 1";"eDNA"
"Lethrinus genivittatus";"non-migratory";"reef-associated";"fusiform / normal";"Carnivore";"Unknown";"LC";"Genting 1";"eDNA"
"Lethrinus harak";"non-migratory";"reef-associated";"fusiform / normal";"Carnivore";"Unknown";"LC";"Genting 1";"eDNA"
"Lethrinus harak";"non-migratory";"reef-associated";"fusiform / normal";"Carnivore";"Unknown";"LC";"Genting 1";"eDNA"
"Lethrinus laticaudis";"non-migratory";"reef-associated";"fusiform / normal";"Carnivore";"Unknown";"LC";"Genting 1";"eDNA"
"Lethrinus laticaudis";"non-migratory";"reef-associated";"fusiform / normal";"Carnivore";"Unknown";"LC";"Taka Malang E";"eDNA"
"Lethrinus nebulosus";"non-migratory";"reef-associated";"fusiform / normal";"Carnivore";"Unknown";"LC";"Genting 1";"eDNA"
"Lethrinus obsoletus";"non-migratory";"reef-associated";"fusiform / normal";"Carnivore";"Unknown";"LC";"Taka Malang E";"eDNA"
"Lutjanus ehrenbergii";"Unknown";"reef-associated";"fusiform / normal";"Unknown";"Unknown";"LC";"Cilik/Kecil";"eDNA"
"Lutjanus lemniscatus";"Unknown";"reef-associated";"fusiform / normal";"Unknown";"Unknown";"LC";"Cilik/Kecil";"eDNA"
"Lutjanus lutjanus";"Unknown";"reef-associated";"fusiform / normal";"Unknown";"Unknown";"LC";"Cilik/Kecil";"eDNA"
"Macrodontogobius wilburi";"Unknown";"reef-associated";"fusiform / normal";"Omnivore";"Unknown";"LC";"Genting 1";"eDNA"
"Macrodontogobius wilburi";"Unknown";"reef-associated";"fusiform / normal";"Omnivore";"Unknown";"LC";"Taka Malang E";"eDNA"
"Myersina filifer";"Unknown";"demersal";"elongated";"Unknown";"Unknown";"LC";"Taka Malang E";"eDNA"
"Myersina filifer";"Unknown";"demersal";"elongated";"Unknown";"Unknown";"LC";"Cilik/Kecil";"eDNA"
"Nectamia savayensis";"Unknown";"reef-associated";"short and / or deep";"Unknown";"Yes";"LC";"Genting 1";"eDNA"
"Nectamia savayensis";"Unknown";"reef-associated";"short and / or deep";"Unknown";"Yes";"LC";"Genting 1";"eDNA"
"Neoglyphidodon melas";"non-migratory";"reef-associated";"short and / or deep";"Carnivore";"Unknown";"LC";"Taka Malang E";"eDNA"
"Neoglyphidodon melas";"non-migratory";"reef-associated";"short and / or deep";"Carnivore";"Unknown";"LC";"Taka Malang E";"eDNA"
"Neoglyphidodon melas";"non-migratory";"reef-associated";"short and / or deep";"Carnivore";"Unknown";"LC";"Menjangan Kecil";"eDNA"
"Neoglyphidodon melas";"non-migratory";"reef-associated";"short and / or deep";"Carnivore";"Unknown";"LC";"Cilik/Kecil";"eDNA"
"Neoglyphidodon melas";"non-migratory";"reef-associated";"short and / or deep";"Carnivore";"Unknown";"LC";"Genting 1";"eDNA"
"Neoglyphidodon melas";"non-migratory";"reef-associated";"short and / or deep";"Carnivore";"Unknown";"LC";"Genting 1";"eDNA"
"Neoglyphidodon melas";"non-migratory";"reef-associated";"short and / or deep";"Carnivore";"Unknown";"LC";"Cilik/Kecil";"eDNA"
"Neoglyphidodon nigroris";"non-migratory";"reef-associated";"short and / or deep";"Unknown";"Unknown";"LC";"Menjangan Kecil";"eDNA"
"Neoglyphidodon nigroris";"non-migratory";"reef-associated";"short and / or deep";"Unknown";"Unknown";"LC";"Genting 1";"eDNA"
"Neoglyphidodon nigroris";"non-migratory";"reef-associated";"short and / or deep";"Unknown";"Unknown";"LC";"Genting 1";"eDNA"
"Neoglyphidodon nigroris";"non-migratory";"reef-associated";"short and / or deep";"Unknown";"Unknown";"LC";"Taka Malang E";"eDNA"
"Neoglyphidodon nigroris";"non-migratory";"reef-associated";"short and / or deep";"Unknown";"Unknown";"LC";"Taka Malang E";"eDNA"
"Neoglyphidodon nigroris";"non-migratory";"reef-associated";"short and / or deep";"Unknown";"Unknown";"LC";"Cilik/Kecil";"eDNA"
"Neoglyphidodon nigroris";"non-migratory";"reef-associated";"short and / or deep";"Unknown";"Unknown";"LC";"Menjangan Kecil";"eDNA"
"Neoglyphidodon nigroris";"non-migratory";"reef-associated";"short and / or deep";"Unknown";"Unknown";"LC";"Cilik/Kecil";"eDNA"
"Neoglyphidodon nigroris";"non-migratory";"reef-associated";"short and / or deep";"Unknown";"Unknown";"LC";"Cilik/Kecil";"eDNA"
"Neoglyphidodon oxyodon";"non-migratory";"reef-associated";"short and / or deep";"Unknown";"Unknown";"LC";"Genting 1";"eDNA"
"Neoglyphidodon oxyodon";"non-migratory";"reef-associated";"short and / or deep";"Unknown";"Unknown";"LC";"Taka Malang E";"eDNA"
"Neoglyphidodon oxyodon";"non-migratory";"reef-associated";"short and / or deep";"Unknown";"Unknown";"LC";"Cilik/Kecil";"eDNA"
"Neoglyphidodon oxyodon";"non-migratory";"reef-associated";"short and / or deep";"Unknown";"Unknown";"LC";"Menjangan Kecil";"eDNA"
"Neoglyphidodon oxyodon";"non-migratory";"reef-associated";"short and / or deep";"Unknown";"Unknown";"LC";"Genting 1";"eDNA"
"Neoglyphidodon oxyodon";"non-migratory";"reef-associated";"short and / or deep";"Unknown";"Unknown";"LC";"Taka Malang E";"eDNA"
"Neoglyphidodon oxyodon";"non-migratory";"reef-associated";"short and / or deep";"Unknown";"Unknown";"LC";"Genting 1";"eDNA"
"Neoglyphidodon oxyodon";"non-migratory";"reef-associated";"short and / or deep";"Unknown";"Unknown";"LC";"Cilik/Kecil";"eDNA"
"Neoglyphidodon oxyodon";"non-migratory";"reef-associated";"short and / or deep";"Unknown";"Unknown";"LC";"Menjangan Kecil";"eDNA"
"Neoglyphidodon oxyodon";"non-migratory";"reef-associated";"short and / or deep";"Unknown";"Unknown";"LC";"Cilik/Kecil";"eDNA"
"Neopomacentrus azysron";"non-migratory";"reef-associated";"short and / or deep";"Unknown";"Unknown";"LC";"Cilik/Kecil";"eDNA"
"Neopomacentrus azysron";"non-migratory";"reef-associated";"short and / or deep";"Unknown";"Unknown";"LC";"Taka Malang E";"eDNA"
"Neopomacentrus azysron";"non-migratory";"reef-associated";"short and / or deep";"Unknown";"Unknown";"LC";"Cilik/Kecil";"eDNA"
"Neopomacentrus azysron";"non-migratory";"reef-associated";"short and / or deep";"Unknown";"Unknown";"LC";"Menjangan Kecil";"eDNA"
"Neopomacentrus azysron";"non-migratory";"reef-associated";"short and / or deep";"Unknown";"Unknown";"LC";"Taka Malang E";"eDNA"
"Neopomacentrus cyanomos";"non-migratory";"reef-associated";"fusiform / normal";"Unknown";"Unknown";"LC";"Genting 1";"eDNA"
"Neopomacentrus cyanomos";"non-migratory";"reef-associated";"fusiform / normal";"Unknown";"Unknown";"LC";"Cilik/Kecil";"eDNA"
"Neopomacentrus cyanomos";"non-migratory";"reef-associated";"fusiform / normal";"Unknown";"Unknown";"LC";"Cilik/Kecil";"eDNA"
"Neopomacentrus cyanomos";"non-migratory";"reef-associated";"fusiform / normal";"Unknown";"Unknown";"LC";"Taka Malang E";"eDNA"
"Ostorhinchus apogonoides";"Unknown";"reef-associated";"elongated";"Unknown";"Yes";"LC";"Taka Malang E";"eDNA"
"Ostorhinchus apogonoides";"Unknown";"reef-associated";"elongated";"Unknown";"Yes";"LC";"Taka Malang E";"eDNA"
"Ostorhinchus aureus";"Unknown";"reef-associated";"short and / or deep";"Unknown";"Yes";"LC";"Taka Malang E";"eDNA"
"Ostorhinchus compressus";"Unknown";"reef-associated";"fusiform / normal";"Unknown";"Yes";"LC";"Taka Malang E";"eDNA"
"Ostorhinchus compressus";"Unknown";"reef-associated";"fusiform / normal";"Unknown";"Yes";"LC";"Taka Malang E";"eDNA"
"Ostorhinchus compressus";"Unknown";"reef-associated";"fusiform / normal";"Unknown";"Yes";"LC";"Menjangan Kecil";"eDNA"
"Ostorhinchus compressus";"Unknown";"reef-associated";"fusiform / normal";"Unknown";"Yes";"LC";"Taka Malang E";"eDNA"
"Ostorhinchus compressus";"Unknown";"reef-associated";"fusiform / normal";"Unknown";"Yes";"LC";"Cilik/Kecil";"eDNA"
"Oxycheilinus celebicus";"Unknown";"reef-associated";"fusiform / normal";"Unknown";"Unknown";"LC";"Taka Malang E";"eDNA"
"Oxycheilinus unifasciatus";"Unknown";"reef-associated";"fusiform / normal";"Unknown";"Unknown";"LC";"Taka Malang E";"eDNA"
"Stegastes lacrymatus";"non-migratory";"reef-associated";"short and / or deep";"Omnivore";"Unknown";"N.E.";"Genting 1";"eDNA"
"Pleurosicya bilobata";"Unknown";"demersal";"elongated";"Unknown";"Unknown";"LC";"Taka Malang E";"eDNA"
"Pleurosicya bilobata";"Unknown";"demersal";"elongated";"Unknown";"Unknown";"LC";"Taka Malang E";"eDNA"
"Pomacentrus adelus";"non-migratory";"reef-associated";"short and / or deep";"Unknown";"Unknown";"N.E.";"Cilik/Kecil";"eDNA"
"Pomacentrus adelus";"non-migratory";"reef-associated";"short and / or deep";"Unknown";"Unknown";"N.E.";"Taka Malang E";"eDNA"
"Pomacentrus adelus";"non-migratory";"reef-associated";"short and / or deep";"Unknown";"Unknown";"N.E.";"Cilik/Kecil";"eDNA"
"Pomacentrus alexanderae";"non-migratory";"reef-associated";"short and / or deep";"Unknown";"Unknown";"N.E.";"Taka Malang E";"eDNA"
"Pomacentrus alexanderae";"non-migratory";"reef-associated";"short and / or deep";"Unknown";"Unknown";"N.E.";"Menjangan Kecil";"eDNA"
"Pomacentrus alexanderae";"non-migratory";"reef-associated";"short and / or deep";"Unknown";"Unknown";"N.E.";"Taka Malang E";"eDNA"
"Pomacentrus alexanderae";"non-migratory";"reef-associated";"short and / or deep";"Unknown";"Unknown";"N.E.";"Taka Malang E";"eDNA"
"Pomacentrus alexanderae";"non-migratory";"reef-associated";"short and / or deep";"Unknown";"Unknown";"N.E.";"Cilik/Kecil";"eDNA"
"Pomacentrus alexanderae";"non-migratory";"reef-associated";"short and / or deep";"Unknown";"Unknown";"N.E.";"Genting 1";"eDNA"
"Pomacentrus alexanderae";"non-migratory";"reef-associated";"short and / or deep";"Unknown";"Unknown";"N.E.";"Menjangan Kecil";"eDNA"
"Pomacentrus alexanderae";"non-migratory";"reef-associated";"short and / or deep";"Unknown";"Unknown";"N.E.";"Cilik/Kecil";"eDNA"
"Pomacentrus alexanderae";"non-migratory";"reef-associated";"short and / or deep";"Unknown";"Unknown";"N.E.";"Cilik/Kecil";"eDNA"
"Pomacentrus amboinensis";"oceanodromous";"reef-associated";"short and / or deep";"Omnivore";"Unknown";"LC";"Taka Malang E";"eDNA"
"Pomacentrus amboinensis";"oceanodromous";"reef-associated";"short and / or deep";"Omnivore";"Unknown";"LC";"Cilik/Kecil";"eDNA"
"Pomacentrus amboinensis";"oceanodromous";"reef-associated";"short and / or deep";"Omnivore";"Unknown";"LC";"Taka Malang E";"eDNA"
"Pomacentrus bankanensis";"non-migratory";"reef-associated";"fusiform / normal";"Unknown";"Unknown";"LC";"Menjangan Kecil";"eDNA"
"Pomacentrus bankanensis";"non-migratory";"reef-associated";"fusiform / normal";"Unknown";"Unknown";"LC";"Taka Malang E";"eDNA"
"Pomacentrus bankanensis";"non-migratory";"reef-associated";"fusiform / normal";"Unknown";"Unknown";"LC";"Taka Malang E";"eDNA"
"Pomacentrus bankanensis";"non-migratory";"reef-associated";"fusiform / normal";"Unknown";"Unknown";"LC";"Cilik/Kecil";"eDNA"
"Pomacentrus bankanensis";"non-migratory";"reef-associated";"fusiform / normal";"Unknown";"Unknown";"LC";"Cilik/Kecil";"eDNA"
"Pomacentrus brachialis";"non-migratory";"reef-associated";"short and / or deep";"Unknown";"Unknown";"N.E.";"Cilik/Kecil";"eDNA"
"Pomacentrus burroughi";"non-migratory";"reef-associated";"fusiform / normal";"Unknown";"Unknown";"N.E.";"Cilik/Kecil";"eDNA"
"Pomacentrus burroughi";"non-migratory";"reef-associated";"fusiform / normal";"Unknown";"Unknown";"N.E.";"Taka Malang E";"eDNA"
"Pomacentrus burroughi";"non-migratory";"reef-associated";"fusiform / normal";"Unknown";"Unknown";"N.E.";"Cilik/Kecil";"eDNA"
"Pomacentrus burroughi";"non-migratory";"reef-associated";"fusiform / normal";"Unknown";"Unknown";"N.E.";"Taka Malang E";"eDNA"
"Pomacentrus burroughi";"non-migratory";"reef-associated";"fusiform / normal";"Unknown";"Unknown";"N.E.";"Cilik/Kecil";"eDNA"
"Pomacentrus chrysurus";"non-migratory";"reef-associated";"short and / or deep";"Unknown";"Unknown";"LC";"Menjangan Kecil";"eDNA"
"Pomacentrus chrysurus";"non-migratory";"reef-associated";"short and / or deep";"Unknown";"Unknown";"LC";"Taka Malang E";"eDNA"
"Pomacentrus coelestis";"non-migratory";"reef-associated";"fusiform / normal";"Unknown";"Unknown";"LC";"Taka Malang E";"eDNA"
"Pomacentrus coelestis";"non-migratory";"reef-associated";"fusiform / normal";"Unknown";"Unknown";"LC";"Taka Malang E";"eDNA"
"Pomacentrus coelestis";"non-migratory";"reef-associated";"fusiform / normal";"Unknown";"Unknown";"LC";"Menjangan Kecil";"eDNA"
"Pomacentrus coelestis";"non-migratory";"reef-associated";"fusiform / normal";"Unknown";"Unknown";"LC";"Cilik/Kecil";"eDNA"
"Pomacentrus coelestis";"non-migratory";"reef-associated";"fusiform / normal";"Unknown";"Unknown";"LC";"Cilik/Kecil";"eDNA"
"Pomacentrus coelestis";"non-migratory";"reef-associated";"fusiform / normal";"Unknown";"Unknown";"LC";"Taka Malang E";"eDNA"
"Pomacentrus grammorhynchus";"non-migratory";"reef-associated";"short and / or deep";"Unknown";"Unknown";"LC";"Cilik/Kecil";"eDNA"
"Pomacentrus grammorhynchus";"non-migratory";"reef-associated";"short and / or deep";"Unknown";"Unknown";"LC";"Cilik/Kecil";"eDNA"
"Pomacentrus grammorhynchus";"non-migratory";"reef-associated";"short and / or deep";"Unknown";"Unknown";"LC";"Taka Malang E";"eDNA"
"Pomacentrus lepidogenys";"non-migratory";"reef-associated";"short and / or deep";"Unknown";"Unknown";"NT";"Taka Malang E";"eDNA"
"Pomacentrus lepidogenys";"non-migratory";"reef-associated";"short and / or deep";"Unknown";"Unknown";"NT";"Taka Malang E";"eDNA"
"Pomacentrus lepidogenys";"non-migratory";"reef-associated";"short and / or deep";"Unknown";"Unknown";"NT";"Menjangan Kecil";"eDNA"
"Pomacentrus lepidogenys";"non-migratory";"reef-associated";"short and / or deep";"Unknown";"Unknown";"NT";"Taka Malang E";"eDNA"
"Pomacentrus lepidogenys";"non-migratory";"reef-associated";"short and / or deep";"Unknown";"Unknown";"NT";"Cilik/Kecil";"eDNA"
"Pomacentrus moluccensis";"non-migratory";"reef-associated";"short and / or deep";"Omnivore";"Unknown";"LC";"Taka Malang E";"eDNA"
"Pomacentrus moluccensis";"non-migratory";"reef-associated";"short and / or deep";"Omnivore";"Unknown";"LC";"Cilik/Kecil";"eDNA"
"Pomacentrus moluccensis";"non-migratory";"reef-associated";"short and / or deep";"Omnivore";"Unknown";"LC";"Cilik/Kecil";"eDNA"
"Pomacentrus moluccensis";"non-migratory";"reef-associated";"short and / or deep";"Omnivore";"Unknown";"LC";"Taka Malang E";"eDNA"
"Pomacentrus nagasakiensis";"oceanodromous";"reef-associated";"fusiform / normal";"Unknown";"Unknown";"LC";"Taka Malang E";"eDNA"
"Pomacentrus nagasakiensis";"oceanodromous";"reef-associated";"fusiform / normal";"Unknown";"Unknown";"LC";"Menjangan Kecil";"eDNA"
"Pomacentrus nagasakiensis";"oceanodromous";"reef-associated";"fusiform / normal";"Unknown";"Unknown";"LC";"Cilik/Kecil";"eDNA"
"Pomacentrus nagasakiensis";"oceanodromous";"reef-associated";"fusiform / normal";"Unknown";"Unknown";"LC";"Taka Malang E";"eDNA"
"Pomacentrus nagasakiensis";"oceanodromous";"reef-associated";"fusiform / normal";"Unknown";"Unknown";"LC";"Taka Malang E";"eDNA"
"Pomacentrus nagasakiensis";"oceanodromous";"reef-associated";"fusiform / normal";"Unknown";"Unknown";"LC";"Genting 1";"eDNA"
"Pomacentrus nagasakiensis";"oceanodromous";"reef-associated";"fusiform / normal";"Unknown";"Unknown";"LC";"Cilik/Kecil";"eDNA"
"Pomacentrus nigromanus";"non-migratory";"reef-associated";"fusiform / normal";"Unknown";"Unknown";"LC";"Taka Malang E";"eDNA"
"Pomacentrus nigromanus";"non-migratory";"reef-associated";"fusiform / normal";"Unknown";"Unknown";"LC";"Menjangan Kecil";"eDNA"
"Pomacentrus nigromarginatus";"non-migratory";"reef-associated";"fusiform / normal";"Unknown";"Unknown";"LC";"Taka Malang E";"eDNA"
"Pomacentrus nigromarginatus";"non-migratory";"reef-associated";"fusiform / normal";"Unknown";"Unknown";"LC";"Menjangan Kecil";"eDNA"
"Pomacentrus pavo";"non-migratory";"reef-associated";"short and / or deep";"Unknown";"Unknown";"LC";"Menjangan Kecil";"eDNA"
"Pomacentrus pavo";"non-migratory";"reef-associated";"short and / or deep";"Unknown";"Unknown";"LC";"Taka Malang E";"eDNA"
"Pomacentrus philippinus";"non-migratory";"reef-associated";"fusiform / normal";"Unknown";"Unknown";"LC";"Taka Malang E";"eDNA"
"Pomacentrus philippinus";"non-migratory";"reef-associated";"fusiform / normal";"Unknown";"Unknown";"LC";"Taka Malang E";"eDNA"
"Pomacentrus philippinus";"non-migratory";"reef-associated";"fusiform / normal";"Unknown";"Unknown";"LC";"Menjangan Kecil";"eDNA"
"Pomacentrus philippinus";"non-migratory";"reef-associated";"fusiform / normal";"Unknown";"Unknown";"LC";"Taka Malang E";"eDNA"
"Pomacentrus vaiuli";"non-migratory";"reef-associated";"short and / or deep";"Unknown";"Unknown";"LC";"Cilik/Kecil";"eDNA"
"Pomacentrus vaiuli";"non-migratory";"reef-associated";"short and / or deep";"Unknown";"Unknown";"LC";"Taka Malang E";"eDNA"
"Pomacentrus vaiuli";"non-migratory";"reef-associated";"short and / or deep";"Unknown";"Unknown";"LC";"Taka Malang E";"eDNA"
"Pomacentrus vaiuli";"non-migratory";"reef-associated";"short and / or deep";"Unknown";"Unknown";"LC";"Cilik/Kecil";"eDNA"
"Pomacentrus vaiuli";"non-migratory";"reef-associated";"short and / or deep";"Unknown";"Unknown";"LC";"Taka Malang E";"eDNA"
"Priacanthus hamrur";"Unknown";"reef-associated";"short and / or deep";"Carnivore";"Unknown";"LC";"Cilik/Kecil";"eDNA"
"Pseudochromis fuscus";"Unknown";"reef-associated";"elongated";"Unknown";"Unknown";"LC";"Cilik/Kecil";"eDNA"
"Pterocaesio digramma";"non-migratory";"reef-associated";"fusiform / normal";"Unknown";"Unknown";"LC";"Menjangan Kecil";"eDNA"
"Pterocaesio digramma";"non-migratory";"reef-associated";"fusiform / normal";"Unknown";"Unknown";"LC";"Menjangan Kecil";"eDNA"
"Pterocaesio tessellata";"non-migratory";"reef-associated";"fusiform / normal";"Unknown";"Unknown";"LC";"Menjangan Kecil";"eDNA"
"Pterocaesio trilineata";"non-migratory";"reef-associated";"fusiform / normal";"Unknown";"Unknown";"LC";"Menjangan Kecil";"eDNA"
"Pterocaesio trilineata";"non-migratory";"reef-associated";"fusiform / normal";"Unknown";"Unknown";"LC";"Menjangan Kecil";"eDNA"
"Rachycentron canadum";"oceanodromous";"reef-associated";"elongated";"Carnivore";"Unknown";"LC";"Cilik/Kecil";"eDNA"
"Salarias guttatus";"Unknown";"reef-associated";"elongated";"Unknown";"Unknown";"LC";"Genting 1";"eDNA"
"Sardinella albella";"Unknown";"reef-associated";"fusiform / normal";"Unknown";"Unknown";"LC";"Cilik/Kecil";"eDNA"
"Sargocentron melanospilos";"Unknown";"reef-associated";"fusiform / normal";"Unknown";"Yes";"LC";"Genting 1";"eDNA"
"Sargocentron rubrum";"Unknown";"reef-associated";"fusiform / normal";"Carnivore";"Yes";"LC";"Genting 1";"eDNA"
"Sargocentron spiniferum";"Unknown";"reef-associated";"fusiform / normal";"Carnivore";"Yes";"LC";"Genting 1";"eDNA"
"Scarus dimidiatus";"Unknown";"reef-associated";"elongated";"Unknown";"Unknown";"LC";"Cilik/Kecil";"eDNA"
"Scarus dimidiatus";"Unknown";"reef-associated";"elongated";"Unknown";"Unknown";"LC";"Genting 1";"eDNA"
"Scarus dimidiatus";"Unknown";"reef-associated";"elongated";"Unknown";"Unknown";"LC";"Genting 1";"eDNA"
"Scarus frenatus";"Unknown";"reef-associated";"fusiform / normal";"Unknown";"Unknown";"LC";"Cilik/Kecil";"eDNA"
"Scarus globiceps";"Unknown";"reef-associated";"elongated";"Unknown";"Unknown";"LC";"Cilik/Kecil";"eDNA"
"Scarus globiceps";"Unknown";"reef-associated";"elongated";"Unknown";"Unknown";"LC";"Cilik/Kecil";"eDNA"
"Scarus globiceps";"Unknown";"reef-associated";"elongated";"Unknown";"Unknown";"LC";"Genting 1";"eDNA"
"Scarus globiceps";"Unknown";"reef-associated";"elongated";"Unknown";"Unknown";"LC";"Cilik/Kecil";"eDNA"
"Scarus niger";"Unknown";"reef-associated";"fusiform / normal";"Herbivore";"Unknown";"LC";"Genting 1";"eDNA"
"Scarus niger";"Unknown";"reef-associated";"fusiform / normal";"Herbivore";"Unknown";"LC";"Cilik/Kecil";"eDNA"
"Scarus prasiognathos";"Unknown";"reef-associated";"elongated";"Herbivore";"Unknown";"LC";"Genting 1";"eDNA"
"Scarus prasiognathos";"Unknown";"reef-associated";"elongated";"Herbivore";"Unknown";"LC";"Genting 1";"eDNA"
"Scarus prasiognathos";"Unknown";"reef-associated";"elongated";"Herbivore";"Unknown";"LC";"Cilik/Kecil";"eDNA"
"Scarus psittacus";"Unknown";"reef-associated";"fusiform / normal";"Unknown";"Unknown";"LC";"Genting 1";"eDNA"
"Scarus rivulatus";"Unknown";"reef-associated";"fusiform / normal";"Herbivore";"Unknown";"LC";"Cilik/Kecil";"eDNA"
"Scarus rivulatus";"Unknown";"reef-associated";"fusiform / normal";"Herbivore";"Unknown";"LC";"Cilik/Kecil";"eDNA"
"Scarus rivulatus";"Unknown";"reef-associated";"fusiform / normal";"Herbivore";"Unknown";"LC";"Genting 1";"eDNA"
"Scarus rivulatus";"Unknown";"reef-associated";"fusiform / normal";"Herbivore";"Unknown";"LC";"Menjangan Kecil";"eDNA"
"Scarus rivulatus";"Unknown";"reef-associated";"fusiform / normal";"Herbivore";"Unknown";"LC";"Genting 1";"eDNA"
"Scarus rivulatus";"Unknown";"reef-associated";"fusiform / normal";"Herbivore";"Unknown";"LC";"Cilik/Kecil";"eDNA"
"Scolopsis ciliata";"Unknown";"reef-associated";"fusiform / normal";"Unknown";"Unknown";"LC";"Cilik/Kecil";"eDNA"
"Scolopsis ciliata";"Unknown";"reef-associated";"fusiform / normal";"Unknown";"Unknown";"LC";"Genting 1";"eDNA"
"Selaroides leptolepis";"amphidromous";"reef-associated";"fusiform / normal";"Carnivore";"Unknown";"LC";"Taka Malang E";"eDNA"
"Siganus canaliculatus";"oceanodromous";"reef-associated";"fusiform / normal";"Unknown";"Unknown";"LC";"Cilik/Kecil";"eDNA"
"Siganus doliatus";"Unknown";"reef-associated";"short and / or deep";"Unknown";"Unknown";"LC";"Genting 1";"eDNA"
"Siganus doliatus";"Unknown";"reef-associated";"short and / or deep";"Unknown";"Unknown";"LC";"Genting 1";"eDNA"
"Siganus doliatus";"Unknown";"reef-associated";"short and / or deep";"Unknown";"Unknown";"LC";"Menjangan Kecil";"eDNA"
"Siganus doliatus";"Unknown";"reef-associated";"short and / or deep";"Unknown";"Unknown";"LC";"Taka Malang E";"eDNA"
"Siganus doliatus";"Unknown";"reef-associated";"short and / or deep";"Unknown";"Unknown";"LC";"Menjangan Kecil";"eDNA"
"Siganus doliatus";"Unknown";"reef-associated";"short and / or deep";"Unknown";"Unknown";"LC";"Cilik/Kecil";"eDNA"
"Siganus doliatus";"Unknown";"reef-associated";"short and / or deep";"Unknown";"Unknown";"LC";"Cilik/Kecil";"eDNA"
"Siganus fuscescens";"oceanodromous";"reef-associated";"short and / or deep";"Herbivore";"Unknown";"LC";"Genting 1";"eDNA"
"Siganus guttatus";"Unknown";"reef-associated";"short and / or deep";"Unknown";"Unknown";"LC";"Genting 1";"eDNA"
"Siganus guttatus";"Unknown";"reef-associated";"short and / or deep";"Unknown";"Unknown";"LC";"Genting 1";"eDNA"
"Siganus puellus";"Unknown";"reef-associated";"fusiform / normal";"Unknown";"Unknown";"LC";"Cilik/Kecil";"eDNA"
"Siganus puellus";"Unknown";"reef-associated";"fusiform / normal";"Unknown";"Unknown";"LC";"Cilik/Kecil";"eDNA"
"Siganus puellus";"Unknown";"reef-associated";"fusiform / normal";"Unknown";"Unknown";"LC";"Genting 1";"eDNA"
"Siganus puellus";"Unknown";"reef-associated";"fusiform / normal";"Unknown";"Unknown";"LC";"Genting 1";"eDNA"
"Siganus puellus";"Unknown";"reef-associated";"fusiform / normal";"Unknown";"Unknown";"LC";"Genting 1";"eDNA"
"Siganus punctatus";"Unknown";"reef-associated";"short and / or deep";"Unknown";"Unknown";"LC";"Cilik/Kecil";"eDNA"
"Siganus punctatus";"Unknown";"reef-associated";"short and / or deep";"Unknown";"Unknown";"LC";"Genting 1";"eDNA"
"Siganus punctatus";"Unknown";"reef-associated";"short and / or deep";"Unknown";"Unknown";"LC";"Cilik/Kecil";"eDNA"
"Sphyraena obtusata";"Unknown";"reef-associated";"elongated";"Carnivore";"Unknown";"N.E.";"Menjangan Kecil";"eDNA"
"Sphyraena obtusata";"Unknown";"reef-associated";"elongated";"Carnivore";"Unknown";"N.E.";"Cilik/Kecil";"eDNA"
"Spratelloides delicatulus";"Unknown";"reef-associated";"fusiform / normal";"Carnivore";"Unknown";"LC";"Taka Malang E";"eDNA"
"Spratelloides delicatulus";"Unknown";"reef-associated";"fusiform / normal";"Carnivore";"Unknown";"LC";"Genting 1";"eDNA"
"Spratelloides delicatulus";"Unknown";"reef-associated";"fusiform / normal";"Carnivore";"Unknown";"LC";"Genting 1";"eDNA"
"Spratelloides delicatulus";"Unknown";"reef-associated";"fusiform / normal";"Carnivore";"Unknown";"LC";"Genting 1";"eDNA"
"Spratelloides delicatulus";"Unknown";"reef-associated";"fusiform / normal";"Carnivore";"Unknown";"LC";"Cilik/Kecil";"eDNA"
"Spratelloides delicatulus";"Unknown";"reef-associated";"fusiform / normal";"Carnivore";"Unknown";"LC";"Menjangan Kecil";"eDNA"
"Spratelloides delicatulus";"Unknown";"reef-associated";"fusiform / normal";"Carnivore";"Unknown";"LC";"Menjangan Kecil";"eDNA"
"Spratelloides delicatulus";"Unknown";"reef-associated";"fusiform / normal";"Carnivore";"Unknown";"LC";"Taka Malang E";"eDNA"
"Spratelloides delicatulus";"Unknown";"reef-associated";"fusiform / normal";"Carnivore";"Unknown";"LC";"Cilik/Kecil";"eDNA"
"Spratelloides delicatulus";"Unknown";"reef-associated";"fusiform / normal";"Carnivore";"Unknown";"LC";"Taka Malang E";"eDNA"
"Spratelloides delicatulus";"Unknown";"reef-associated";"fusiform / normal";"Carnivore";"Unknown";"LC";"Cilik/Kecil";"eDNA"
"Spratelloides gracilis";"Unknown";"pelagic-neritic";"fusiform / normal";"Carnivore";"Unknown";"LC";"Menjangan Kecil";"eDNA"
"Spratelloides gracilis";"Unknown";"pelagic-neritic";"fusiform / normal";"Carnivore";"Unknown";"LC";"Menjangan Kecil";"eDNA"
"Spratelloides gracilis";"Unknown";"pelagic-neritic";"fusiform / normal";"Carnivore";"Unknown";"LC";"Taka Malang E";"eDNA"
"Spratelloides gracilis";"Unknown";"pelagic-neritic";"fusiform / normal";"Carnivore";"Unknown";"LC";"Cilik/Kecil";"eDNA"
"Spratelloides gracilis";"Unknown";"pelagic-neritic";"fusiform / normal";"Carnivore";"Unknown";"LC";"Cilik/Kecil";"eDNA"
"Spratelloides gracilis";"Unknown";"pelagic-neritic";"fusiform / normal";"Carnivore";"Unknown";"LC";"Cilik/Kecil";"eDNA"
"Spratelloides gracilis";"Unknown";"pelagic-neritic";"fusiform / normal";"Carnivore";"Unknown";"LC";"Genting 1";"eDNA"
"Spratelloides gracilis";"Unknown";"pelagic-neritic";"fusiform / normal";"Carnivore";"Unknown";"LC";"Genting 1";"eDNA"
"Spratelloides gracilis";"Unknown";"pelagic-neritic";"fusiform / normal";"Carnivore";"Unknown";"LC";"Taka Malang E";"eDNA"
"Spratelloides gracilis";"Unknown";"pelagic-neritic";"fusiform / normal";"Carnivore";"Unknown";"LC";"Genting 1";"eDNA"
"Spratelloides gracilis";"Unknown";"pelagic-neritic";"fusiform / normal";"Carnivore";"Unknown";"LC";"Taka Malang E";"eDNA"
"Spratelloides gracilis";"Unknown";"pelagic-neritic";"fusiform / normal";"Carnivore";"Unknown";"LC";"Menjangan Kecil";"eDNA"
"Taeniamia zosterophora";"Unknown";"reef-associated";"short and / or deep";"Unknown";"Yes";"LC";"Taka Malang E";"eDNA"
"Taeniamia zosterophora";"Unknown";"reef-associated";"short and / or deep";"Unknown";"Yes";"LC";"Taka Malang E";"eDNA"
"Taeniamia zosterophora";"Unknown";"reef-associated";"short and / or deep";"Unknown";"Yes";"LC";"Genting 1";"eDNA"
"Taeniura lymma";"Unknown";"reef-associated";"other";"Unknown";"Unknown";"LC";"Taka Malang E";"eDNA"
"Taeniura lymma";"Unknown";"reef-associated";"other";"Unknown";"Unknown";"LC";"Taka Malang E";"eDNA"
"Terapon theraps";"Unknown";"reef-associated";"fusiform / normal";"Unknown";"Unknown";"LC";"Cilik/Kecil";"eDNA"
"Terapon theraps";"Unknown";"reef-associated";"fusiform / normal";"Unknown";"Unknown";"LC";"Menjangan Kecil";"eDNA"
"Terapon theraps";"Unknown";"reef-associated";"fusiform / normal";"Unknown";"Unknown";"LC";"Cilik/Kecil";"eDNA"
"Terapon theraps";"Unknown";"reef-associated";"fusiform / normal";"Unknown";"Unknown";"LC";"Taka Malang E";"eDNA"
"Thalassoma amblycephalum";"Unknown";"reef-associated";"fusiform / normal";"Carnivore";"Unknown";"LC";"Cilik/Kecil";"eDNA"
"Thalassoma hardwicke";"non-migratory";"reef-associated";"fusiform / normal";"Unknown";"Unknown";"LC";"Cilik/Kecil";"eDNA"
"Thalassoma jansenii";"non-migratory";"reef-associated";"fusiform / normal";"Carnivore";"Unknown";"LC";"Cilik/Kecil";"eDNA"
"Thalassoma lunare";"Unknown";"reef-associated";"fusiform / normal";"Unknown";"Unknown";"LC";"Cilik/Kecil";"eDNA"
"Thalassoma quinquevittatum";"Unknown";"reef-associated";"fusiform / normal";"Unknown";"Unknown";"LC";"Cilik/Kecil";"eDNA"
"Thalassoma trilobatum";"Unknown";"reef-associated";"fusiform / normal";"Unknown";"Unknown";"LC";"Cilik/Kecil";"eDNA"
"Upeneus tragula";"oceanodromous";"reef-associated";"fusiform / normal";"Carnivore";"Unknown";"LC";"Menjangan Kecil";"eDNA"
"Zoramia gilberti";"Unknown";"reef-associated";"short and / or deep";"Unknown";"Unknown";"LC";"Taka Malang E";"eDNA"
"Zoramia leptacanthus";"Unknown";"reef-associated";"short and / or deep";"Unknown";"Yes";"LC";"Taka Malang E";"eDNA"
"Abudefduf bengalensis";"non-migratory";"reef-associated";"short and / or deep";"Unknown";"Unknown";"LC";"Cilik/Kecil";"VC"
"Abudefduf sexfasciatus";"non-migratory";"reef-associated";"short and / or deep";"Unknown";"Unknown";"LC";"Menjangan Kecil";"VC"
"Amanses scopas";"Unknown";"reef-associated";"short and / or deep";"Unknown";"Unknown";"LC";"Cilik/Kecil";"VC"
"Acanthurus lineatus";"Unknown";"reef-associated";"short and / or deep";"Herbivore";"Unknown";"LC";"Cilik/Kecil";"VC"
"Acanthurus lineatus";"Unknown";"reef-associated";"short and / or deep";"Herbivore";"Unknown";"LC";"Genting 1";"VC"
"Acanthurus nigrofuscus";"non-migratory";"reef-associated";"short and / or deep";"Herbivore";"Unknown";"LC";"Cilik/Kecil";"VC"
"Acanthurus nigrofuscus";"non-migratory";"reef-associated";"short and / or deep";"Herbivore";"Unknown";"LC";"Genting 1";"VC"
"Aeoliscus strigatus";"Unknown";"reef-associated";"elongated";"Unknown";"Unknown";"DD";"Menjangan Kecil";"VC"
"Aethaloperca rogaa";"non-migratory";"reef-associated";"short and / or deep";"Unknown";"Unknown";"LC";"Menjangan Kecil";"VC"
"Amblyglyphidodon batunaorum";"Unknown";"reef-associated";"short and / or deep";"Unknown";"Unknown";"VU";"Taka Malang E";"VC"
"Amblyglyphidodon batunaorum";"Unknown";"reef-associated";"short and / or deep";"Unknown";"Unknown";"VU";"Genting 1";"VC"
"Amblyglyphidodon batunaorum";"Unknown";"reef-associated";"short and / or deep";"Unknown";"Unknown";"VU";"Menjangan Kecil";"VC"
"Amblyglyphidodon curacao";"non-migratory";"reef-associated";"short and / or deep";"Omnivore";"Unknown";"LC";"Menjangan Kecil";"VC"
"Amblyglyphidodon curacao";"non-migratory";"reef-associated";"short and / or deep";"Omnivore";"Unknown";"LC";"Cilik/Kecil";"VC"
"Amblyglyphidodon curacao";"non-migratory";"reef-associated";"short and / or deep";"Omnivore";"Unknown";"LC";"Taka Malang E";"VC"
"Amblyglyphidodon curacao";"non-migratory";"reef-associated";"short and / or deep";"Omnivore";"Unknown";"LC";"Genting 1";"VC"
"Amblyglyphidodon leucogaster";"non-migratory";"reef-associated";"short and / or deep";"Unknown";"Unknown";"LC";"Menjangan Kecil";"VC"
"Amblyglyphidodon leucogaster";"non-migratory";"reef-associated";"short and / or deep";"Unknown";"Unknown";"LC";"Cilik/Kecil";"VC"
"Amblyglyphidodon leucogaster";"non-migratory";"reef-associated";"short and / or deep";"Unknown";"Unknown";"LC";"Taka Malang E";"VC"
"Amblyglyphidodon leucogaster";"non-migratory";"reef-associated";"short and / or deep";"Unknown";"Unknown";"LC";"Genting 1";"VC"
"Amphiprion biaculeatus";"non-migratory";"reef-associated";"short and / or deep";"Unknown";"Unknown";"LC";"Taka Malang E";"VC"
"Amphiprion clarkii";"non-migratory";"reef-associated";"short and / or deep";"Carnivore";"Unknown";"LC";"Cilik/Kecil";"VC"
"Amphiprion clarkii";"non-migratory";"reef-associated";"short and / or deep";"Carnivore";"Unknown";"LC";"Taka Malang E";"VC"
"Amphiprion clarkii";"non-migratory";"reef-associated";"short and / or deep";"Carnivore";"Unknown";"LC";"Genting 1";"VC"
"Amphiprion ocellaris";"non-migratory";"reef-associated";"fusiform / normal";"Unknown";"Unknown";"LC";"Menjangan Kecil";"VC"
"Amphiprion ocellaris";"non-migratory";"reef-associated";"fusiform / normal";"Unknown";"Unknown";"LC";"Cilik/Kecil";"VC"
"Amphiprion perideraion";"non-migratory";"reef-associated";"short and / or deep";"Omnivore";"Unknown";"LC";"Taka Malang E";"VC"
"Arothron nigropunctatus";"Unknown";"reef-associated";"short and / or deep";"Carnivore";"Unknown";"LC";"Cilik/Kecil";"VC"
"Balistapus undulatus";"Unknown";"reef-associated";"short and / or deep";"Unknown";"Unknown";"LC";"Cilik/Kecil";"VC"
"Balistapus undulatus";"Unknown";"reef-associated";"short and / or deep";"Unknown";"Unknown";"LC";"Taka Malang E";"VC"
"Bodianus mesothorax";"Unknown";"reef-associated";"fusiform / normal";"Unknown";"Unknown";"LC";"Cilik/Kecil";"VC"
"Bodianus mesothorax";"Unknown";"reef-associated";"fusiform / normal";"Unknown";"Unknown";"LC";"Genting 1";"VC"
"Caesio caerulaurea";"non-migratory";"reef-associated";"fusiform / normal";"Unknown";"Unknown";"LC";"Cilik/Kecil";"VC"
"Caesio cuning";"non-migratory";"reef-associated";"fusiform / normal";"Unknown";"Unknown";"LC";"Menjangan Kecil";"VC"
"Caesio cuning";"non-migratory";"reef-associated";"fusiform / normal";"Unknown";"Unknown";"LC";"Cilik/Kecil";"VC"
"Caesio cuning";"non-migratory";"reef-associated";"fusiform / normal";"Unknown";"Unknown";"LC";"Taka Malang E";"VC"
"Caesio cuning";"non-migratory";"reef-associated";"fusiform / normal";"Unknown";"Unknown";"LC";"Genting 1";"VC"
"Cephalopholis boenak";"non-migratory";"reef-associated";"fusiform / normal";"Carnivore";"Unknown";"LC";"Cilik/Kecil";"VC"
"Cephalopholis boenak";"non-migratory";"reef-associated";"fusiform / normal";"Carnivore";"Unknown";"LC";"Genting 1";"VC"
"Cephalopholis cyanostigma";"non-migratory";"reef-associated";"fusiform / normal";"Unknown";"Unknown";"LC";"Taka Malang E";"VC"
"Cephalopholis cyanostigma";"non-migratory";"reef-associated";"fusiform / normal";"Unknown";"Unknown";"LC";"Genting 1";"VC"
"Cephalopholis microprion";"non-migratory";"reef-associated";"fusiform / normal";"Unknown";"Unknown";"LC";"Cilik/Kecil";"VC"
"Cephalopholis microprion";"non-migratory";"reef-associated";"fusiform / normal";"Unknown";"Unknown";"LC";"Genting 1";"VC"
"Chaetodon baronessa";"non-migratory";"reef-associated";"short and / or deep";"Unknown";"Unknown";"LC";"Menjangan Kecil";"VC"
"Chaetodon baronessa";"non-migratory";"reef-associated";"short and / or deep";"Unknown";"Unknown";"LC";"Cilik/Kecil";"VC"
"Chaetodon decussatus";"Unknown";"reef-associated";"short and / or deep";"Unknown";"Unknown";"LC";"Menjangan Kecil";"VC"
"Chaetodon lunula";"Unknown";"reef-associated";"short and / or deep";"Carnivore";"Unknown";"LC";"Taka Malang E";"VC"
"Chaetodon lunulatus";"Unknown";"reef-associated";"short and / or deep";"Unknown";"Unknown";"LC";"Menjangan Kecil";"VC"
"Chaetodon lunulatus";"Unknown";"reef-associated";"short and / or deep";"Unknown";"Unknown";"LC";"Cilik/Kecil";"VC"
"Chaetodon lunulatus";"Unknown";"reef-associated";"short and / or deep";"Unknown";"Unknown";"LC";"Taka Malang E";"VC"
"Chaetodon melannotus";"non-migratory";"reef-associated";"short and / or deep";"Carnivore";"Unknown";"LC";"Menjangan Kecil";"VC"
"Chaetodon octofasciatus";"Unknown";"reef-associated";"short and / or deep";"Unknown";"Unknown";"LC";"Menjangan Kecil";"VC"
"Chaetodon octofasciatus";"Unknown";"reef-associated";"short and / or deep";"Unknown";"Unknown";"LC";"Cilik/Kecil";"VC"
"Chaetodon octofasciatus";"Unknown";"reef-associated";"short and / or deep";"Unknown";"Unknown";"LC";"Taka Malang E";"VC"
"Chaetodon octofasciatus";"Unknown";"reef-associated";"short and / or deep";"Unknown";"Unknown";"LC";"Genting 1";"VC"
"Chaetodontoplus mesoleucus";"non-migratory";"reef-associated";"short and / or deep";"Unknown";"Unknown";"LC";"Menjangan Kecil";"VC"
"Chaetodontoplus mesoleucus";"non-migratory";"reef-associated";"short and / or deep";"Unknown";"Unknown";"LC";"Cilik/Kecil";"VC"
"Chaetodontoplus mesoleucus";"non-migratory";"reef-associated";"short and / or deep";"Unknown";"Unknown";"LC";"Taka Malang E";"VC"
"Chelmon rostratus";"non-migratory";"reef-associated";"fusiform / normal";"Unknown";"Unknown";"LC";"Menjangan Kecil";"VC"
"Chelmon rostratus";"non-migratory";"reef-associated";"fusiform / normal";"Unknown";"Unknown";"LC";"Cilik/Kecil";"VC"
"Chelmon rostratus";"non-migratory";"reef-associated";"fusiform / normal";"Unknown";"Unknown";"LC";"Taka Malang E";"VC"
"Chelmon rostratus";"non-migratory";"reef-associated";"fusiform / normal";"Unknown";"Unknown";"LC";"Genting 1";"VC"
"Cheilinus chlorourus";"Unknown";"reef-associated";"fusiform / normal";"Unknown";"Unknown";"LC";"Menjangan Kecil";"VC"
"Cheilinus chlorourus";"Unknown";"reef-associated";"fusiform / normal";"Unknown";"Unknown";"LC";"Cilik/Kecil";"VC"
"Cheilinus fasciatus";"Unknown";"reef-associated";"fusiform / normal";"Unknown";"Unknown";"LC";"Menjangan Kecil";"VC"
"Cheilinus fasciatus";"Unknown";"reef-associated";"fusiform / normal";"Unknown";"Unknown";"LC";"Cilik/Kecil";"VC"
"Cheilinus fasciatus";"Unknown";"reef-associated";"fusiform / normal";"Unknown";"Unknown";"LC";"Taka Malang E";"VC"
"Cheilinus fasciatus";"Unknown";"reef-associated";"fusiform / normal";"Unknown";"Unknown";"LC";"Genting 1";"VC"
"Cheilinus trilobatus";"Unknown";"reef-associated";"short and / or deep";"Carnivore";"Unknown";"LC";"Cilik/Kecil";"VC"
"Cheilodipterus isostigma";"Unknown";"reef-associated";"elongated";"Unknown";"Unknown";"N.E.";"Taka Malang E";"VC"
"Cheilodipterus quinquelineatus";"Unknown";"reef-associated";"fusiform / normal";"Carnivore";"Yes";"LC";"Genting 1";"VC"
"Cheiloprion labiatus";"non-migratory";"reef-associated";"short and / or deep";"Carnivore";"Unknown";"N.E.";"Genting 1";"VC"
"Chrysiptera rex";"non-migratory";"reef-associated";"fusiform / normal";"Omnivore";"Unknown";"LC";"Genting 1";"VC"
"Chrysiptera springeri";"non-migratory";"reef-associated";"short and / or deep";"Unknown";"Unknown";"LC";"Menjangan Kecil";"VC"
"Chrysiptera springeri";"non-migratory";"reef-associated";"short and / or deep";"Unknown";"Unknown";"LC";"Cilik/Kecil";"VC"
"Chrysiptera springeri";"non-migratory";"reef-associated";"short and / or deep";"Unknown";"Unknown";"LC";"Taka Malang E";"VC"
"Chrysiptera springeri";"non-migratory";"reef-associated";"short and / or deep";"Unknown";"Unknown";"LC";"Genting 1";"VC"
"Chlorurus bleekeri";"Unknown";"reef-associated";"short and / or deep";"Unknown";"Unknown";"LC";"Menjangan Kecil";"VC"
"Chlorurus bleekeri";"Unknown";"reef-associated";"short and / or deep";"Unknown";"Unknown";"LC";"Cilik/Kecil";"VC"
"Chlorurus bleekeri";"Unknown";"reef-associated";"short and / or deep";"Unknown";"Unknown";"LC";"Taka Malang E";"VC"
"Chlorurus bleekeri";"Unknown";"reef-associated";"short and / or deep";"Unknown";"Unknown";"LC";"Genting 1";"VC"
"Chlorurus bowersi";"Unknown";"reef-associated";"elongated";"Herbivore";"Unknown";"NT";"Menjangan Kecil";"VC"
"Chlorurus bowersi";"Unknown";"reef-associated";"elongated";"Herbivore";"Unknown";"NT";"Cilik/Kecil";"VC"
"Choerodon anchorago";"Unknown";"reef-associated";"fusiform / normal";"Carnivore";"Unknown";"LC";"Menjangan Kecil";"VC"
"Choerodon anchorago";"Unknown";"reef-associated";"fusiform / normal";"Carnivore";"Unknown";"LC";"Cilik/Kecil";"VC"
"Chromis atripectoralis";"non-migratory";"reef-associated";"short and / or deep";"Carnivore";"Unknown";"LC";"Menjangan Kecil";"VC"
"Chromis atripectoralis";"non-migratory";"reef-associated";"short and / or deep";"Carnivore";"Unknown";"LC";"Cilik/Kecil";"VC"
"Chromis viridis";"non-migratory";"reef-associated";"short and / or deep";"Carnivore";"Unknown";"LC";"Menjangan Kecil";"VC"
"Chromis viridis";"non-migratory";"reef-associated";"short and / or deep";"Carnivore";"Unknown";"LC";"Cilik/Kecil";"VC"
"Chromis viridis";"non-migratory";"reef-associated";"short and / or deep";"Carnivore";"Unknown";"LC";"Taka Malang E";"VC"
"Chromis viridis";"non-migratory";"reef-associated";"short and / or deep";"Carnivore";"Unknown";"LC";"Genting 1";"VC"
"Chromis xanthura";"non-migratory";"reef-associated";"short and / or deep";"Unknown";"Unknown";"LC";"Genting 1";"VC"
"Chrysiptera cyanea";"non-migratory";"reef-associated";"fusiform / normal";"Omnivore";"Unknown";"LC";"Genting 1";"VC"
"Chrysiptera oxycephala";"non-migratory";"reef-associated";"short and / or deep";"Unknown";"Unknown";"LC";"Taka Malang E";"VC"
"Chrysiptera parasema";"non-migratory";"reef-associated";"fusiform / normal";"Unknown";"Unknown";"LC";"Genting 1";"VC"
"Coradion chrysozonus";"non-migratory";"reef-associated";"short and / or deep";"Unknown";"Unknown";"LC";"Menjangan Kecil";"VC"
"Coradion chrysozonus";"non-migratory";"reef-associated";"short and / or deep";"Unknown";"Unknown";"LC";"Cilik/Kecil";"VC"
"Coris batuensis";"Unknown";"reef-associated";"fusiform / normal";"Carnivore";"Unknown";"LC";"Menjangan Kecil";"VC"
"Coris batuensis";"Unknown";"reef-associated";"fusiform / normal";"Carnivore";"Unknown";"LC";"Genting 1";"VC"
"Ctenochaetus binotatus";"Unknown";"reef-associated";"short and / or deep";"Unknown";"Unknown";"LC";"Menjangan Kecil";"VC"
"Ctenochaetus binotatus";"Unknown";"reef-associated";"short and / or deep";"Unknown";"Unknown";"LC";"Cilik/Kecil";"VC"
"Ctenochaetus binotatus";"Unknown";"reef-associated";"short and / or deep";"Unknown";"Unknown";"LC";"Genting 1";"VC"
"Ctenochaetus striatus";"Unknown";"reef-associated";"short and / or deep";"Herbivore";"Unknown";"LC";"Menjangan Kecil";"VC"
"Ctenochaetus striatus";"Unknown";"reef-associated";"short and / or deep";"Herbivore";"Unknown";"LC";"Cilik/Kecil";"VC"
"Ctenochaetus striatus";"Unknown";"reef-associated";"short and / or deep";"Herbivore";"Unknown";"LC";"Genting 1";"VC"
"Dascyllus reticulatus";"non-migratory";"reef-associated";"short and / or deep";"Unknown";"Unknown";"LC";"Menjangan Kecil";"VC"
"Dascyllus reticulatus";"non-migratory";"reef-associated";"short and / or deep";"Unknown";"Unknown";"LC";"Cilik/Kecil";"VC"
"Dascyllus reticulatus";"non-migratory";"reef-associated";"short and / or deep";"Unknown";"Unknown";"LC";"Genting 1";"VC"
"Dascyllus trimaculatus";"non-migratory";"reef-associated";"short and / or deep";"Unknown";"Unknown";"LC";"Menjangan Kecil";"VC"
"Diproctacanthus xanthurus";"Unknown";"reef-associated";"fusiform / normal";"Unknown";"Unknown";"LC";"Cilik/Kecil";"VC"
"Diproctacanthus xanthurus";"Unknown";"reef-associated";"fusiform / normal";"Unknown";"Unknown";"LC";"Genting 1";"VC"
"Dischistodus fasciatus";"non-migratory";"reef-associated";"fusiform / normal";"Unknown";"Unknown";"N.E.";"Genting 1";"VC"
"Dischistodus melanotus";"non-migratory";"reef-associated";"short and / or deep";"Unknown";"Unknown";"LC";"Menjangan Kecil";"VC"
"Dischistodus melanotus";"non-migratory";"reef-associated";"short and / or deep";"Unknown";"Unknown";"LC";"Taka Malang E";"VC"
"Dischistodus melanotus";"non-migratory";"reef-associated";"short and / or deep";"Unknown";"Unknown";"LC";"Genting 1";"VC"
"Dischistodus prosopotaenia";"non-migratory";"reef-associated";"fusiform / normal";"Unknown";"Unknown";"LC";"Menjangan Kecil";"VC"
"Dischistodus prosopotaenia";"non-migratory";"reef-associated";"fusiform / normal";"Unknown";"Unknown";"LC";"Taka Malang E";"VC"
"Dischistodus prosopotaenia";"non-migratory";"reef-associated";"fusiform / normal";"Unknown";"Unknown";"LC";"Genting 1";"VC"
"Ecsenius bandanus";"Unknown";"reef-associated";"elongated";"Unknown";"Unknown";"LC";"Genting 1";"VC"
"Epibulus insidiator";"Unknown";"reef-associated";"short and / or deep";"Unknown";"Unknown";"LC";"Menjangan Kecil";"VC"
"Epibulus insidiator";"Unknown";"reef-associated";"short and / or deep";"Unknown";"Unknown";"LC";"Cilik/Kecil";"VC"
"Epibulus insidiator";"Unknown";"reef-associated";"short and / or deep";"Unknown";"Unknown";"LC";"Taka Malang E";"VC"
"Epibulus insidiator";"Unknown";"reef-associated";"short and / or deep";"Unknown";"Unknown";"LC";"Genting 1";"VC"
"Epinephelus quoyanus";"Unknown";"reef-associated";"fusiform / normal";"Carnivore";"Unknown";"LC";"Menjangan Kecil";"VC"
"Forcipiger flavissimus";"non-migratory";"reef-associated";"short and / or deep";"Carnivore";"Unknown";"LC";"Menjangan Kecil";"VC"
"Gomphosus varius";"Unknown";"reef-associated";"fusiform / normal";"Carnivore";"Unknown";"LC";"Cilik/Kecil";"VC"
"Gomphosus varius";"Unknown";"reef-associated";"fusiform / normal";"Carnivore";"Unknown";"LC";"Genting 1";"VC"
"Halichoeres biocellatus";"Unknown";"reef-associated";"fusiform / normal";"Unknown";"Unknown";"LC";"Menjangan Kecil";"VC"
"Halichoeres biocellatus";"Unknown";"reef-associated";"fusiform / normal";"Unknown";"Unknown";"LC";"Taka Malang E";"VC"
"Halichoeres biocellatus";"Unknown";"reef-associated";"fusiform / normal";"Unknown";"Unknown";"LC";"Genting 1";"VC"
"Halichoeres chloropterus";"Unknown";"reef-associated";"fusiform / normal";"Unknown";"Unknown";"LC";"Taka Malang E";"VC"
"Halichoeres chloropterus";"Unknown";"reef-associated";"fusiform / normal";"Unknown";"Unknown";"LC";"Genting 1";"VC"
"Halichoeres chrysotaenia";"Unknown";"reef-associated";"fusiform / normal";"Unknown";"Unknown";"LC";"Menjangan Kecil";"VC"
"Halichoeres chrysotaenia";"Unknown";"reef-associated";"fusiform / normal";"Unknown";"Unknown";"LC";"Cilik/Kecil";"VC"
"Halichoeres chrysotaenia";"Unknown";"reef-associated";"fusiform / normal";"Unknown";"Unknown";"LC";"Taka Malang E";"VC"
"Halichoeres chrysotaenia";"Unknown";"reef-associated";"fusiform / normal";"Unknown";"Unknown";"LC";"Genting 1";"VC"
"Halichoeres hortulanus";"Unknown";"reef-associated";"fusiform / normal";"Unknown";"Unknown";"LC";"Cilik/Kecil";"VC"
"Halichoeres leucurus";"Unknown";"reef-associated";"fusiform / normal";"Unknown";"Unknown";"LC";"Cilik/Kecil";"VC"
"Halichoeres leucurus";"Unknown";"reef-associated";"fusiform / normal";"Unknown";"Unknown";"LC";"Taka Malang E";"VC"
"Halichoeres leucurus";"Unknown";"reef-associated";"fusiform / normal";"Unknown";"Unknown";"LC";"Genting 1";"VC"
"Halichoeres prosopeion";"Unknown";"reef-associated";"fusiform / normal";"Unknown";"Unknown";"LC";"Taka Malang E";"VC"
"Halichoeres richmondi";"Unknown";"reef-associated";"fusiform / normal";"Unknown";"Unknown";"LC";"Genting 1";"VC"
"Halichoeres scapularis";"Unknown";"reef-associated";"fusiform / normal";"Unknown";"Unknown";"LC";"Menjangan Kecil";"VC"
"Hemiglyphidodon plagiometopon";"non-migratory";"reef-associated";"short and / or deep";"Unknown";"Unknown";"LC";"Menjangan Kecil";"VC"
"Hemiglyphidodon plagiometopon";"non-migratory";"reef-associated";"short and / or deep";"Unknown";"Unknown";"LC";"Cilik/Kecil";"VC"
"Hemiglyphidodon plagiometopon";"non-migratory";"reef-associated";"short and / or deep";"Unknown";"Unknown";"LC";"Taka Malang E";"VC"
"Hemiglyphidodon plagiometopon";"non-migratory";"reef-associated";"short and / or deep";"Unknown";"Unknown";"LC";"Genting 1";"VC"
"Hemigymnus melapterus";"Unknown";"reef-associated";"fusiform / normal";"Unknown";"Unknown";"LC";"Menjangan Kecil";"VC"
"Hemigymnus melapterus";"Unknown";"reef-associated";"fusiform / normal";"Unknown";"Unknown";"LC";"Cilik/Kecil";"VC"
"Hemigymnus melapterus";"Unknown";"reef-associated";"fusiform / normal";"Unknown";"Unknown";"LC";"Taka Malang E";"VC"
"Hemigymnus melapterus";"Unknown";"reef-associated";"fusiform / normal";"Unknown";"Unknown";"LC";"Genting 1";"VC"
"Heniochus varius";"Unknown";"reef-associated";"short and / or deep";"Carnivore";"Unknown";"LC";"Menjangan Kecil";"VC"
"Heniochus varius";"Unknown";"reef-associated";"short and / or deep";"Carnivore";"Unknown";"LC";"Cilik/Kecil";"VC"
"Heniochus varius";"Unknown";"reef-associated";"short and / or deep";"Carnivore";"Unknown";"LC";"Taka Malang E";"VC"
"Heniochus varius";"Unknown";"reef-associated";"short and / or deep";"Carnivore";"Unknown";"LC";"Genting 1";"VC"
"Labrichthys unilineatus";"Unknown";"reef-associated";"fusiform / normal";"Carnivore";"Unknown";"LC";"Menjangan Kecil";"VC"
"Labrichthys unilineatus";"Unknown";"reef-associated";"fusiform / normal";"Carnivore";"Unknown";"LC";"Cilik/Kecil";"VC"
"Labrichthys unilineatus";"Unknown";"reef-associated";"fusiform / normal";"Carnivore";"Unknown";"LC";"Taka Malang E";"VC"
"Labrichthys unilineatus";"Unknown";"reef-associated";"fusiform / normal";"Carnivore";"Unknown";"LC";"Genting 1";"VC"
"Labroides dimidiatus";"non-migratory";"reef-associated";"elongated";"Carnivore";"Unknown";"LC";"Menjangan Kecil";"VC"
"Labroides dimidiatus";"non-migratory";"reef-associated";"elongated";"Carnivore";"Unknown";"LC";"Cilik/Kecil";"VC"
"Labroides dimidiatus";"non-migratory";"reef-associated";"elongated";"Carnivore";"Unknown";"LC";"Genting 1";"VC"
"Lethrinus erythropterus";"non-migratory";"reef-associated";"fusiform / normal";"Unknown";"Unknown";"LC";"Cilik/Kecil";"VC"
"Lethrinus erythropterus";"non-migratory";"reef-associated";"fusiform / normal";"Unknown";"Unknown";"LC";"Taka Malang E";"VC"
"Lethrinus harak";"non-migratory";"reef-associated";"fusiform / normal";"Carnivore";"Unknown";"LC";"Cilik/Kecil";"VC"
"Lutjanus biguttatus";"Unknown";"reef-associated";"fusiform / normal";"Unknown";"Unknown";"LC";"Taka Malang E";"VC"
"Lutjanus carponotatus";"Unknown";"reef-associated";"fusiform / normal";"Carnivore";"Unknown";"LC";"Menjangan Kecil";"VC"
"Lutjanus decussatus";"Unknown";"reef-associated";"fusiform / normal";"Unknown";"Unknown";"LC";"Menjangan Kecil";"VC"
"Lutjanus decussatus";"Unknown";"reef-associated";"fusiform / normal";"Unknown";"Unknown";"LC";"Cilik/Kecil";"VC"
"Lutjanus decussatus";"Unknown";"reef-associated";"fusiform / normal";"Unknown";"Unknown";"LC";"Taka Malang E";"VC"
"Lutjanus decussatus";"Unknown";"reef-associated";"fusiform / normal";"Unknown";"Unknown";"LC";"Genting 1";"VC"
"Lutjanus ehrenbergii";"Unknown";"reef-associated";"fusiform / normal";"Unknown";"Unknown";"LC";"Menjangan Kecil";"VC"
"Lutjanus ehrenbergii";"Unknown";"reef-associated";"fusiform / normal";"Unknown";"Unknown";"LC";"Cilik/Kecil";"VC"
"Meiacanthus smithi";"Unknown";"reef-associated";"elongated";"Unknown";"Unknown";"LC";"Genting 1";"VC"
"Myripristis hexagona";"Unknown";"reef-associated";"fusiform / normal";"Unknown";"Yes";"LC";"Menjangan Kecil";"VC"
"Myripristis hexagona";"Unknown";"reef-associated";"fusiform / normal";"Unknown";"Yes";"LC";"Cilik/Kecil";"VC"
"Neopomacentrus anabatoides";"non-migratory";"reef-associated";"fusiform / normal";"Unknown";"Unknown";"LC";"Menjangan Kecil";"VC"
"Neopomacentrus cyanomos";"non-migratory";"reef-associated";"fusiform / normal";"Unknown";"Unknown";"LC";"Taka Malang E";"VC"
"Neoglyphidodon melas";"non-migratory";"reef-associated";"short and / or deep";"Carnivore";"Unknown";"LC";"Menjangan Kecil";"VC"
"Neoglyphidodon melas";"non-migratory";"reef-associated";"short and / or deep";"Carnivore";"Unknown";"LC";"Cilik/Kecil";"VC"
"Neoglyphidodon melas";"non-migratory";"reef-associated";"short and / or deep";"Carnivore";"Unknown";"LC";"Taka Malang E";"VC"
"Neoglyphidodon melas";"non-migratory";"reef-associated";"short and / or deep";"Carnivore";"Unknown";"LC";"Genting 1";"VC"
"Neoglyphidodon nigroris";"non-migratory";"reef-associated";"short and / or deep";"Unknown";"Unknown";"LC";"Menjangan Kecil";"VC"
"Neoglyphidodon nigroris";"non-migratory";"reef-associated";"short and / or deep";"Unknown";"Unknown";"LC";"Cilik/Kecil";"VC"
"Neoglyphidodon nigroris";"non-migratory";"reef-associated";"short and / or deep";"Unknown";"Unknown";"LC";"Taka Malang E";"VC"
"Neoglyphidodon nigroris";"non-migratory";"reef-associated";"short and / or deep";"Unknown";"Unknown";"LC";"Genting 1";"VC"
"Ostorhinchus compressus";"Unknown";"reef-associated";"fusiform / normal";"Unknown";"Yes";"LC";"Cilik/Kecil";"VC"
"Ostorhinchus compressus";"Unknown";"reef-associated";"fusiform / normal";"Unknown";"Yes";"LC";"Taka Malang E";"VC"
"Ostracion cubicum";"Unknown";"reef-associated";"short and / or deep";"Unknown";"Unknown";"N.E.";"Taka Malang E";"VC"
"Ostracion cubicum";"Unknown";"reef-associated";"short and / or deep";"Unknown";"Unknown";"N.E.";"Menjangan Kecil";"VC"
"Oxycheilinus celebicus";"Unknown";"reef-associated";"fusiform / normal";"Unknown";"Unknown";"LC";"Cilik/Kecil";"VC"
"Oxycheilinus celebicus";"Unknown";"reef-associated";"fusiform / normal";"Unknown";"Unknown";"LC";"Taka Malang E";"VC"
"Oxycheilinus digramma";"Unknown";"reef-associated";"fusiform / normal";"Carnivore";"Unknown";"LC";"Menjangan Kecil";"VC"
"Oxycheilinus digramma";"Unknown";"reef-associated";"fusiform / normal";"Carnivore";"Unknown";"LC";"Cilik/Kecil";"VC"
"Oxycheilinus digramma";"Unknown";"reef-associated";"fusiform / normal";"Carnivore";"Unknown";"LC";"Taka Malang E";"VC"
"Oxycheilinus digramma";"Unknown";"reef-associated";"fusiform / normal";"Carnivore";"Unknown";"LC";"Genting 1";"VC"
"Parupeneus barberinoides";"Unknown";"reef-associated";"fusiform / normal";"Unknown";"Unknown";"LC";"Cilik/Kecil";"VC"
"Parupeneus indicus";"Unknown";"reef-associated";"fusiform / normal";"Unknown";"Unknown";"LC";"Menjangan Kecil";"VC"
"Pempheris vanicolensis";"Unknown";"reef-associated";"short and / or deep";"Unknown";"Unknown";"N.E.";"Menjangan Kecil";"VC"
"Pentapodus trivittatus";"Unknown";"reef-associated";"fusiform / normal";"Unknown";"Unknown";"LC";"Menjangan Kecil";"VC"
"Pentapodus trivittatus";"Unknown";"reef-associated";"fusiform / normal";"Unknown";"Unknown";"LC";"Cilik/Kecil";"VC"
"Pictichromis paccagnellorum";"Unknown";"reef-associated";"elongated";"Unknown";"Unknown";"LC";"Menjangan Kecil";"VC"
"Plectroglyphidodon fasciolatus";"non-migratory";"reef-associated";"fusiform / normal";"Herbivore";"Unknown";"LC";"Genting 1";"VC"
"Pomacentrus adelus";"non-migratory";"reef-associated";"short and / or deep";"Unknown";"Unknown";"N.E.";"Menjangan Kecil";"VC"
"Pomacentrus adelus";"non-migratory";"reef-associated";"short and / or deep";"Unknown";"Unknown";"N.E.";"Cilik/Kecil";"VC"
"Pomacentrus adelus";"non-migratory";"reef-associated";"short and / or deep";"Unknown";"Unknown";"N.E.";"Taka Malang E";"VC"
"Pomacentrus adelus";"non-migratory";"reef-associated";"short and / or deep";"Unknown";"Unknown";"N.E.";"Genting 1";"VC"
"Pomacentrus alexanderae";"non-migratory";"reef-associated";"short and / or deep";"Unknown";"Unknown";"N.E.";"Menjangan Kecil";"VC"
"Pomacentrus alexanderae";"non-migratory";"reef-associated";"short and / or deep";"Unknown";"Unknown";"N.E.";"Cilik/Kecil";"VC"
"Pomacentrus alexanderae";"non-migratory";"reef-associated";"short and / or deep";"Unknown";"Unknown";"N.E.";"Taka Malang E";"VC"
"Pomacentrus alexanderae";"non-migratory";"reef-associated";"short and / or deep";"Unknown";"Unknown";"N.E.";"Genting 1";"VC"
"Pomacentrus amboinensis";"oceanodromous";"reef-associated";"short and / or deep";"Omnivore";"Unknown";"LC";"Menjangan Kecil";"VC"
"Pomacentrus amboinensis";"oceanodromous";"reef-associated";"short and / or deep";"Omnivore";"Unknown";"LC";"Cilik/Kecil";"VC"
"Pomacentrus bankanensis";"non-migratory";"reef-associated";"fusiform / normal";"Unknown";"Unknown";"LC";"Menjangan Kecil";"VC"
"Pomacentrus bankanensis";"non-migratory";"reef-associated";"fusiform / normal";"Unknown";"Unknown";"LC";"Genting 1";"VC"
"Pomacentrus brachialis";"non-migratory";"reef-associated";"short and / or deep";"Unknown";"Unknown";"N.E.";"Menjangan Kecil";"VC"
"Pomacentrus brachialis";"non-migratory";"reef-associated";"short and / or deep";"Unknown";"Unknown";"N.E.";"Cilik/Kecil";"VC"
"Pomacentrus brachialis";"non-migratory";"reef-associated";"short and / or deep";"Unknown";"Unknown";"N.E.";"Taka Malang E";"VC"
"Pomacentrus brachialis";"non-migratory";"reef-associated";"short and / or deep";"Unknown";"Unknown";"N.E.";"Genting 1";"VC"
"Pomacentrus burroughi";"non-migratory";"reef-associated";"fusiform / normal";"Unknown";"Unknown";"N.E.";"Menjangan Kecil";"VC"
"Pomacentrus burroughi";"non-migratory";"reef-associated";"fusiform / normal";"Unknown";"Unknown";"N.E.";"Cilik/Kecil";"VC"
"Pomacentrus burroughi";"non-migratory";"reef-associated";"fusiform / normal";"Unknown";"Unknown";"N.E.";"Taka Malang E";"VC"
"Pomacentrus burroughi";"non-migratory";"reef-associated";"fusiform / normal";"Unknown";"Unknown";"N.E.";"Genting 1";"VC"
"Pomacentrus chrysurus";"non-migratory";"reef-associated";"short and / or deep";"Unknown";"Unknown";"LC";"Cilik/Kecil";"VC"
"Pomacentrus chrysurus";"non-migratory";"reef-associated";"short and / or deep";"Unknown";"Unknown";"LC";"Genting 1";"VC"
"Pomacentrus coelestis";"non-migratory";"reef-associated";"fusiform / normal";"Unknown";"Unknown";"LC";"Menjangan Kecil";"VC"
"Pomacentrus lepidogenys";"non-migratory";"reef-associated";"short and / or deep";"Unknown";"Unknown";"NT";"Genting 1";"VC"
"Pomacentrus littoralis";"non-migratory";"reef-associated";"short and / or deep";"Herbivore";"Unknown";"N.E.";"Cilik/Kecil";"VC"
"Pomacentrus moluccensis";"non-migratory";"reef-associated";"short and / or deep";"Omnivore";"Unknown";"LC";"Menjangan Kecil";"VC"
"Pomacentrus moluccensis";"non-migratory";"reef-associated";"short and / or deep";"Omnivore";"Unknown";"LC";"Cilik/Kecil";"VC"
"Pomacentrus moluccensis";"non-migratory";"reef-associated";"short and / or deep";"Omnivore";"Unknown";"LC";"Taka Malang E";"VC"
"Pomacentrus moluccensis";"non-migratory";"reef-associated";"short and / or deep";"Omnivore";"Unknown";"LC";"Genting 1";"VC"
"Pomacentrus nagasakiensis";"oceanodromous";"reef-associated";"fusiform / normal";"Unknown";"Unknown";"LC";"Cilik/Kecil";"VC"
"Pomacentrus pavo";"non-migratory";"reef-associated";"short and / or deep";"Unknown";"Unknown";"LC";"Menjangan Kecil";"VC"
"Pomacentrus pavo";"non-migratory";"reef-associated";"short and / or deep";"Unknown";"Unknown";"LC";"Genting 1";"VC"
"Pomacentrus philippinus";"non-migratory";"reef-associated";"fusiform / normal";"Unknown";"Unknown";"LC";"Menjangan Kecil";"VC"
"Pomacentrus philippinus";"non-migratory";"reef-associated";"fusiform / normal";"Unknown";"Unknown";"LC";"Cilik/Kecil";"VC"
"Pomacentrus philippinus";"non-migratory";"reef-associated";"fusiform / normal";"Unknown";"Unknown";"LC";"Genting 1";"VC"
"Pomacentrus vaiuli";"non-migratory";"reef-associated";"short and / or deep";"Unknown";"Unknown";"LC";"Genting 1";"VC"
"Pseudobalistes flavimarginatus";"Unknown";"reef-associated";"short and / or deep";"Unknown";"Unknown";"LC";"Menjangan Kecil";"VC"
"Pteragogus cryptus";"Unknown";"reef-associated";"fusiform / normal";"Unknown";"Unknown";"LC";"Cilik/Kecil";"VC"
"Pygoplites diacanthus";"non-migratory";"reef-associated";"short and / or deep";"Unknown";"Unknown";"LC";"Cilik/Kecil";"VC"
"Pygoplites diacanthus";"non-migratory";"reef-associated";"short and / or deep";"Unknown";"Unknown";"LC";"Taka Malang E";"VC"
"Sargocentron spiniferum";"Unknown";"reef-associated";"fusiform / normal";"Carnivore";"Yes";"LC";"Cilik/Kecil";"VC"
"Scarus dimidiatus";"Unknown";"reef-associated";"elongated";"Unknown";"Unknown";"LC";"Taka Malang E";"VC"
"Scarus dimidiatus";"Unknown";"reef-associated";"elongated";"Unknown";"Unknown";"LC";"Genting 1";"VC"
"Scarus flavipectoralis";"Unknown";"reef-associated";"short and / or deep";"Unknown";"Unknown";"LC";"Menjangan Kecil";"VC"
"Scarus flavipectoralis";"Unknown";"reef-associated";"short and / or deep";"Unknown";"Unknown";"LC";"Cilik/Kecil";"VC"
"Scarus flavipectoralis";"Unknown";"reef-associated";"short and / or deep";"Unknown";"Unknown";"LC";"Genting 1";"VC"
"Scarus ghobban";"Unknown";"reef-associated";"fusiform / normal";"Herbivore";"Unknown";"LC";"Cilik/Kecil";"VC"
"Scarus ghobban";"Unknown";"reef-associated";"fusiform / normal";"Herbivore";"Unknown";"LC";"Taka Malang E";"VC"
"Scarus niger";"Unknown";"reef-associated";"fusiform / normal";"Herbivore";"Unknown";"LC";"Menjangan Kecil";"VC"
"Scarus niger";"Unknown";"reef-associated";"fusiform / normal";"Herbivore";"Unknown";"LC";"Cilik/Kecil";"VC"
"Scarus niger";"Unknown";"reef-associated";"fusiform / normal";"Herbivore";"Unknown";"LC";"Taka Malang E";"VC"
"Scarus niger";"Unknown";"reef-associated";"fusiform / normal";"Herbivore";"Unknown";"LC";"Genting 1";"VC"
"Scarus psittacus";"Unknown";"reef-associated";"fusiform / normal";"Unknown";"Unknown";"LC";"Taka Malang E";"VC"
"Scarus quoyi";"Unknown";"reef-associated";"elongated";"Herbivore";"Unknown";"LC";"Menjangan Kecil";"VC"
"Scarus quoyi";"Unknown";"reef-associated";"elongated";"Herbivore";"Unknown";"LC";"Cilik/Kecil";"VC"
"Scarus quoyi";"Unknown";"reef-associated";"elongated";"Herbivore";"Unknown";"LC";"Genting 1";"VC"
"Scarus rivulatus";"Unknown";"reef-associated";"fusiform / normal";"Herbivore";"Unknown";"LC";"Menjangan Kecil";"VC"
"Scarus rivulatus";"Unknown";"reef-associated";"fusiform / normal";"Herbivore";"Unknown";"LC";"Cilik/Kecil";"VC"
"Scarus rivulatus";"Unknown";"reef-associated";"fusiform / normal";"Herbivore";"Unknown";"LC";"Genting 1";"VC"
"Scarus schlegeli";"Unknown";"reef-associated";"fusiform / normal";"Herbivore";"Unknown";"LC";"Menjangan Kecil";"VC"
"Scarus schlegeli";"Unknown";"reef-associated";"fusiform / normal";"Herbivore";"Unknown";"LC";"Cilik/Kecil";"VC"
"Scarus schlegeli";"Unknown";"reef-associated";"fusiform / normal";"Herbivore";"Unknown";"LC";"Taka Malang E";"VC"
"Scarus schlegeli";"Unknown";"reef-associated";"fusiform / normal";"Herbivore";"Unknown";"LC";"Genting 1";"VC"
"Scolopsis bilineata";"Unknown";"reef-associated";"fusiform / normal";"Unknown";"Unknown";"LC";"Menjangan Kecil";"VC"
"Scolopsis bilineata";"Unknown";"reef-associated";"fusiform / normal";"Unknown";"Unknown";"LC";"Cilik/Kecil";"VC"
"Scolopsis bilineata";"Unknown";"reef-associated";"fusiform / normal";"Unknown";"Unknown";"LC";"Genting 1";"VC"
"Scolopsis lineata";"Unknown";"reef-associated";"fusiform / normal";"Unknown";"Unknown";"LC";"Taka Malang E";"VC"
"Scolopsis lineata";"Unknown";"reef-associated";"fusiform / normal";"Unknown";"Unknown";"LC";"Genting 1";"VC"
"Scolopsis margaritifera";"Unknown";"reef-associated";"fusiform / normal";"Unknown";"Unknown";"LC";"Menjangan Kecil";"VC"
"Scolopsis margaritifera";"Unknown";"reef-associated";"fusiform / normal";"Unknown";"Unknown";"LC";"Cilik/Kecil";"VC"
"Scolopsis margaritifera";"Unknown";"reef-associated";"fusiform / normal";"Unknown";"Unknown";"LC";"Taka Malang E";"VC"
"Scolopsis margaritifera";"Unknown";"reef-associated";"fusiform / normal";"Unknown";"Unknown";"LC";"Genting 1";"VC"
"Siganus corallinus";"Unknown";"reef-associated";"short and / or deep";"Herbivore";"Unknown";"LC";"Cilik/Kecil";"VC"
"Siganus corallinus";"Unknown";"reef-associated";"short and / or deep";"Herbivore";"Unknown";"LC";"Taka Malang E";"VC"
"Siganus doliatus";"Unknown";"reef-associated";"short and / or deep";"Unknown";"Unknown";"LC";"Cilik/Kecil";"VC"
"Siganus puellus";"Unknown";"reef-associated";"fusiform / normal";"Unknown";"Unknown";"LC";"Cilik/Kecil";"VC"
"Siganus puellus";"Unknown";"reef-associated";"fusiform / normal";"Unknown";"Unknown";"LC";"Taka Malang E";"VC"
"Siganus puellus";"Unknown";"reef-associated";"fusiform / normal";"Unknown";"Unknown";"LC";"Genting 1";"VC"
"Siganus virgatus";"Unknown";"reef-associated";"short and / or deep";"Unknown";"Unknown";"LC";"Menjangan Kecil";"VC"
"Siganus virgatus";"Unknown";"reef-associated";"short and / or deep";"Unknown";"Unknown";"LC";"Cilik/Kecil";"VC"
"Siganus virgatus";"Unknown";"reef-associated";"short and / or deep";"Unknown";"Unknown";"LC";"Taka Malang E";"VC"
"Siganus virgatus";"Unknown";"reef-associated";"short and / or deep";"Unknown";"Unknown";"LC";"Genting 1";"VC"
"Siganus vulpinus";"Unknown";"reef-associated";"short and / or deep";"Unknown";"Unknown";"LC";"Taka Malang E";"VC"
"Siganus vulpinus";"Unknown";"reef-associated";"short and / or deep";"Unknown";"Unknown";"LC";"Genting 1";"VC"
"Sphaeramia nematoptera";"Unknown";"reef-associated";"short and / or deep";"Unknown";"Unknown";"LC";"Taka Malang E";"VC"
"Sphyraena barracuda";"Unknown";"reef-associated";"elongated";"Carnivore";"Yes";"LC";"Cilik/Kecil";"VC"
"Stegastes lacrymatus";"non-migratory";"reef-associated";"short and / or deep";"Omnivore";"Unknown";"N.E.";"Cilik/Kecil";"VC"
"Stegastes lacrymatus";"non-migratory";"reef-associated";"short and / or deep";"Omnivore";"Unknown";"N.E.";"Taka Malang E";"VC"
"Stegastes lacrymatus";"non-migratory";"reef-associated";"short and / or deep";"Omnivore";"Unknown";"N.E.";"Genting 1";"VC"
"Stegastes lacrymatus";"non-migratory";"reef-associated";"short and / or deep";"Omnivore";"Unknown";"N.E.";"Menjangan Kecil";"VC"
"Stethojulis bandanensis";"Unknown";"reef-associated";"fusiform / normal";"Carnivore";"Unknown";"LC";"Cilik/Kecil";"VC"
"Stethojulis bandanensis";"Unknown";"reef-associated";"fusiform / normal";"Carnivore";"Unknown";"LC";"Genting 1";"VC"
"Stethojulis strigiventer";"Unknown";"reef-associated";"fusiform / normal";"Carnivore";"Unknown";"LC";"Cilik/Kecil";"VC"
"Taeniamia zosterophora";"Unknown";"reef-associated";"short and / or deep";"Unknown";"Yes";"LC";"Taka Malang E";"VC"
"Taeniura lymma";"Unknown";"reef-associated";"Flat";"Unknown";"Unknown";"LC";"Menjangan Kecil";"VC"
"Taeniura lymma";"Unknown";"reef-associated";"Flat";"Unknown";"Unknown";"LC";"Taka Malang E";"VC"
"Thalassoma amblycephalum";"Unknown";"reef-associated";"fusiform / normal";"Carnivore";"Unknown";"LC";"Cilik/Kecil";"VC"
"Thalassoma amblycephalum";"Unknown";"reef-associated";"fusiform / normal";"Carnivore";"Unknown";"LC";"Genting 1";"VC"
"Thalassoma lunare";"Unknown";"reef-associated";"fusiform / normal";"Unknown";"Unknown";"LC";"Menjangan Kecil";"VC"
"Thalassoma lunare";"Unknown";"reef-associated";"fusiform / normal";"Unknown";"Unknown";"LC";"Cilik/Kecil";"VC"
"Thalassoma lunare";"Unknown";"reef-associated";"fusiform / normal";"Unknown";"Unknown";"LC";"Taka Malang E";"VC"
"Thalassoma lunare";"Unknown";"reef-associated";"fusiform / normal";"Unknown";"Unknown";"LC";"Genting 1";"VC"
"Tylosurus crocodilus";"oceanodromous";"reef-associated";"elongated";"Carnivore";"Unknown";"LC";"Cilik/Kecil";"VC"
"Upeneus tragula";"oceanodromous";"reef-associated";"fusiform / normal";"Carnivore";"Unknown";"LC";"Genting 1";"VC"
"Zanclus cornutus";"Unknown";"reef-associated";"short and / or deep";"Unknown";"Unknown";"LC";"Menjangan Kecil";"VC"
"Zanclus cornutus";"Unknown";"reef-associated";"short and / or deep";"Unknown";"Unknown";"LC";"Cilik/Kecil";"VC"
"Zanclus cornutus";"Unknown";"reef-associated";"short and / or deep";"Unknown";"Unknown";"LC";"Genting 1";"VC"
"Zoramia leptacanthus";"Unknown";"reef-associated";"short and / or deep";"Unknown";"Yes";"LC";"Taka Malang E";"VC"
